,time,latitude,longitude,velocity,heading,baroaltitude,geoaltitude,signature,icao24,trip_number
427,1645640595,28.10069973185911,-81.57213996438419,48.16305943746763,66.72105080199731,388.62,441.96000000000004,1,a007c6,3
428,1645640596,28.10069973185911,-81.57213996438419,48.16305943746763,66.72105080199731,388.62,441.96000000000004,0,a007c6,3
429,1645640597,28.10069973185911,-81.57213996438419,48.16305943746763,66.72105080199731,388.62,441.96000000000004,0,a007c6,3
430,1645640598,28.10069973185911,-81.57213996438419,48.16305943746763,66.72105080199731,388.62,441.96000000000004,0,a007c6,3
431,1645640599,28.10069973185911,-81.57213996438419,48.16305943746763,66.72105080199731,388.62,441.96000000000004,1,a007c6,3
432,1645640600,28.10069973185911,-81.57213996438419,48.16305943746763,66.72105080199731,388.62,441.96000000000004,1,a007c6,3
433,1645640601,28.10069973185911,-81.57213996438419,48.16305943746763,66.72105080199731,388.62,441.96000000000004,0,a007c6,3
434,1645640602,28.10069973185911,-81.57213996438419,48.16305943746763,66.72105080199731,388.62,441.96000000000004,1,a007c6,3
435,1645640603,28.10069973185911,-81.57213996438419,48.16305943746763,66.72105080199731,388.62,441.96000000000004,1,a007c6,3
436,1645640604,28.10069973185911,-81.57213996438419,48.16305943746763,66.72105080199731,388.62,441.96000000000004,1,a007c6,3
437,1645640605,28.10069973185911,-81.57213996438419,48.16305943746763,66.72105080199731,388.62,441.96000000000004,0,a007c6,3
438,1645640606,28.10069973185911,-81.57213996438419,48.16305943746763,66.72105080199731,388.62,441.96000000000004,0,a007c6,3
439,1645640607,28.10069973185911,-81.57213996438419,48.16305943746763,66.72105080199731,388.62,441.96000000000004,0,a007c6,3
440,1645640608,28.13104248046875,-81.48226811335637,48.16305943746763,66.72105080199731,365.76,441.96000000000004,0,a007c6,3
441,1645640609,28.13104248046875,-81.48226811335637,48.16305943746763,66.72105080199731,365.76,441.96000000000004,1,a007c6,3
442,1645640610,28.13104248046875,-81.48226811335637,48.16305943746763,66.72105080199731,365.76,441.96000000000004,0,a007c6,3
443,1645640611,28.13104248046875,-81.48226811335637,48.16305943746763,66.72105080199731,365.76,441.96000000000004,0,a007c6,3
444,1645640612,28.13104248046875,-81.48226811335637,48.16305943746763,66.72105080199731,365.76,441.96000000000004,0,a007c6,3
445,1645640613,28.13104248046875,-81.48226811335637,48.16305943746763,66.72105080199731,365.76,441.96000000000004,0,a007c6,3
446,1645640614,28.13104248046875,-81.48226811335637,48.16305943746763,66.72105080199731,365.76,441.96000000000004,1,a007c6,3
447,1645640615,28.13104248046875,-81.48226811335637,48.16305943746763,66.72105080199731,365.76,441.96000000000004,0,a007c6,3
448,1645640616,28.13104248046875,-81.48226811335637,48.16305943746763,66.72105080199731,365.76,441.96000000000004,0,a007c6,3
449,1645640617,28.13104248046875,-81.48226811335637,48.16305943746763,66.72105080199731,365.76,441.96000000000004,0,a007c6,3
450,1645640618,28.13104248046875,-81.48226811335637,48.16305943746763,66.72105080199731,365.76,441.96000000000004,0,a007c6,3
451,1645640619,28.13104248046875,-81.48226811335637,48.16305943746763,66.72105080199731,365.76,441.96000000000004,1,a007c6,3
452,1645640620,28.13104248046875,-81.48226811335637,47.62429035372097,63.71173787509978,365.76,419.1,0,a007c6,3
453,1645640621,28.13104248046875,-81.48226811335637,47.62429035372097,63.71173787509978,365.76,419.1,0,a007c6,3
454,1645640622,28.13104248046875,-81.48226811335637,47.62429035372097,63.71173787509978,365.76,419.1,1,a007c6,3
455,1645640623,28.13104248046875,-81.48226811335637,47.62429035372097,63.71173787509978,365.76,419.1,1,a007c6,3
456,1645640624,28.13104248046875,-81.48226811335637,47.62429035372097,63.71173787509978,365.76,419.1,1,a007c6,3
457,1645640625,28.13104248046875,-81.48226811335637,47.62429035372097,63.71173787509978,365.76,419.1,1,a007c6,3
458,1645640626,28.13104248046875,-81.48226811335637,47.62429035372097,63.71173787509978,365.76,419.1,1,a007c6,3
459,1645640627,28.13104248046875,-81.48226811335637,47.62429035372097,63.71173787509978,365.76,419.1,1,a007c6,3
460,1645640628,28.13104248046875,-81.48226811335637,47.62429035372097,63.71173787509978,365.76,419.1,1,a007c6,3
461,1645640629,28.13104248046875,-81.48226811335637,47.62429035372097,63.71173787509978,365.76,419.1,0,a007c6,3
462,1645640630,28.13104248046875,-81.48226811335637,47.62429035372097,63.71173787509978,365.76,419.1,0,a007c6,3
463,1645640631,28.13104248046875,-81.48226811335637,47.62429035372097,63.71173787509978,365.76,419.1,1,a007c6,3
464,1645640632,28.13104248046875,-81.48226811335637,47.62429035372097,63.71173787509978,365.76,419.1,0,a007c6,3
465,1645640633,28.13104248046875,-81.48226811335637,47.62429035372097,63.71173787509978,365.76,419.1,0,a007c6,3
466,1645640634,28.13104248046875,-81.48226811335637,47.62429035372097,63.71173787509978,365.76,419.1,1,a007c6,3
467,1645640635,28.13104248046875,-81.48226811335637,47.62429035372097,63.71173787509978,365.76,419.1,0,a007c6,3
468,1645640636,28.13104248046875,-81.48226811335637,47.62429035372097,63.71173787509978,365.76,419.1,0,a007c6,3
469,1645640637,28.13104248046875,-81.48226811335637,47.62429035372097,63.71173787509978,365.76,419.1,0,a007c6,3
470,1645640638,28.13104248046875,-81.48226811335637,47.62429035372097,63.71173787509978,365.76,419.1,0,a007c6,3
471,1645640639,28.13104248046875,-81.48226811335637,47.62429035372097,63.71173787509978,365.76,419.1,0,a007c6,3
472,1645640640,28.13104248046875,-81.48226811335637,47.62429035372097,63.71173787509978,365.76,419.1,1,a007c6,3
473,1645640641,28.13104248046875,-81.48226811335637,47.62429035372097,63.71173787509978,365.76,419.1,0,a007c6,3
474,1645640642,28.13104248046875,-81.48226811335637,47.62429035372097,63.71173787509978,365.76,419.1,0,a007c6,3
475,1645640643,28.1378173828125,-81.46679217998799,49.69912461730375,64.23067237566129,365.76,419.1,1,a007c6,3
476,1645640644,28.1378173828125,-81.46679217998799,49.69912461730375,64.23067237566129,365.76,419.1,0,a007c6,3
477,1645640645,28.1378173828125,-81.46679217998799,49.69912461730375,64.23067237566129,365.76,419.1,0,a007c6,3
478,1645640646,28.1378173828125,-81.46679217998799,49.69912461730375,64.23067237566129,365.76,419.1,0,a007c6,3
479,1645640647,28.1378173828125,-81.46679217998799,49.69912461730375,64.23067237566129,365.76,419.1,0,a007c6,3
480,1645640648,28.1378173828125,-81.46679217998799,49.69912461730375,64.23067237566129,365.76,419.1,0,a007c6,3
481,1645640649,28.1378173828125,-81.46679217998799,49.69912461730375,64.23067237566129,365.76,419.1,0,a007c6,3
482,1645640650,28.1378173828125,-81.46679217998799,49.69912461730375,64.23067237566129,365.76,419.1,0,a007c6,3
483,1645640651,28.1378173828125,-81.46679217998799,49.69912461730375,64.23067237566129,365.76,419.1,0,a007c6,3
484,1645640652,28.1378173828125,-81.46679217998799,49.69912461730375,64.23067237566129,365.76,419.1,0,a007c6,3
485,1645640653,28.1378173828125,-81.46679217998799,49.69912461730375,64.23067237566129,365.76,419.1,0,a007c6,3
486,1645640654,28.1378173828125,-81.46679217998799,49.69912461730375,64.23067237566129,365.76,419.1,0,a007c6,3
487,1645640655,28.1378173828125,-81.46679217998799,49.69912461730375,64.23067237566129,365.76,419.1,0,a007c6,3
488,1645640656,28.1378173828125,-81.46679217998799,49.69912461730375,64.23067237566129,365.76,419.1,0,a007c6,3
489,1645640657,28.1378173828125,-81.46679217998799,49.69912461730375,64.23067237566129,365.76,419.1,0,a007c6,3
490,1645640658,28.1378173828125,-81.46679217998799,49.69912461730375,64.23067237566129,365.76,419.1,1,a007c6,3
491,1645640659,28.1378173828125,-81.46679217998799,49.69912461730375,64.23067237566129,365.76,419.1,1,a007c6,3
492,1645640660,28.1378173828125,-81.46679217998799,49.69912461730375,64.23067237566129,365.76,419.1,1,a007c6,3
493,1645640661,28.1378173828125,-81.46679217998799,49.69912461730375,64.23067237566129,365.76,419.1,1,a007c6,3
494,1645640662,28.1378173828125,-81.46679217998799,49.69912461730375,64.23067237566129,365.76,419.1,1,a007c6,3
495,1645640663,28.1378173828125,-81.46679217998799,49.69912461730375,64.23067237566129,365.76,419.1,0,a007c6,3
496,1645640664,28.1378173828125,-81.46679217998799,49.69912461730375,64.23067237566129,365.76,419.1,0,a007c6,3
497,1645640665,28.1378173828125,-81.46679217998799,49.69912461730375,64.23067237566129,365.76,419.1,0,a007c6,3
498,1645640666,28.1378173828125,-81.46679217998799,49.69912461730375,64.23067237566129,365.76,419.1,0,a007c6,3
499,1645640667,28.1378173828125,-81.46679217998799,49.69912461730375,64.23067237566129,365.76,419.1,0,a007c6,3
500,1645640668,28.1378173828125,-81.46679217998799,49.69912461730375,64.23067237566129,365.76,419.1,1,a007c6,3
501,1645640669,28.1378173828125,-81.46679217998799,49.69912461730375,64.23067237566129,365.76,419.1,0,a007c6,3
502,1645640670,28.1378173828125,-81.46679217998799,49.69912461730375,64.23067237566129,365.76,419.1,1,a007c6,3
503,1645640671,28.1378173828125,-81.46679217998799,49.69912461730375,64.23067237566129,365.76,419.1,0,a007c6,3
504,1645640672,28.1378173828125,-81.46679217998799,49.69912461730375,64.23067237566129,365.76,419.1,0,a007c6,3
505,1645640673,28.1378173828125,-81.46679217998799,49.69912461730375,64.23067237566129,365.76,419.1,1,a007c6,3
506,1645640674,28.1378173828125,-81.46679217998799,49.69912461730375,64.23067237566129,365.76,419.1,0,a007c6,3
507,1645640675,28.1378173828125,-81.46679217998799,49.69912461730375,64.23067237566129,365.76,419.1,0,a007c6,3
508,1645640676,28.1378173828125,-81.46679217998799,49.69912461730375,64.23067237566129,365.76,419.1,1,a007c6,3
509,1645640677,28.1378173828125,-81.46679217998799,49.69912461730375,64.23067237566129,365.76,419.1,0,a007c6,3
510,1645640678,28.1378173828125,-81.46679217998799,49.69912461730375,64.23067237566129,365.76,419.1,0,a007c6,3
511,1645640679,28.1378173828125,-81.46679217998799,49.69912461730375,64.23067237566129,365.76,419.1,0,a007c6,3
512,1645640680,28.1378173828125,-81.46679217998799,49.69912461730375,64.23067237566129,365.76,419.1,1,a007c6,3
513,1645640681,28.1378173828125,-81.46679217998799,49.69912461730375,64.23067237566129,365.76,419.1,0,a007c6,3
514,1645640682,28.1378173828125,-81.46679217998799,49.69912461730375,64.23067237566129,365.76,419.1,0,a007c6,3
515,1645640683,28.1378173828125,-81.46679217998799,49.69912461730375,64.23067237566129,365.76,419.1,1,a007c6,3
516,1645640684,28.1378173828125,-81.46679217998799,49.69912461730375,64.23067237566129,365.76,419.1,0,a007c6,3
517,1645640685,28.1378173828125,-81.46679217998799,49.69912461730375,64.23067237566129,365.76,419.1,0,a007c6,3
518,1645640686,28.1378173828125,-81.46679217998799,49.69912461730375,64.23067237566129,365.76,419.1,0,a007c6,3
519,1645640687,28.1378173828125,-81.46679217998799,49.69912461730375,64.23067237566129,365.76,419.1,0,a007c6,3
520,1645640688,28.1378173828125,-81.46679217998799,49.69912461730375,64.23067237566129,365.76,419.1,1,a007c6,3
521,1645640689,28.1378173828125,-81.46679217998799,49.69912461730375,64.23067237566129,365.76,419.1,0,a007c6,3
522,1645640690,28.1378173828125,-81.46679217998799,49.69912461730375,64.23067237566129,365.76,419.1,1,a007c6,3
523,1645640691,28.1378173828125,-81.46679217998799,49.69912461730375,64.23067237566129,365.76,419.1,0,a007c6,3
524,1645640692,28.1378173828125,-81.46679217998799,49.69912461730375,64.23067237566129,365.76,419.1,0,a007c6,3
525,1645640693,28.1378173828125,-81.46679217998799,49.69912461730375,64.23067237566129,365.76,419.1,1,a007c6,3
526,1645640694,28.1378173828125,-81.46679217998799,49.69912461730375,64.23067237566129,365.76,419.1,0,a007c6,3
527,1645640695,28.1378173828125,-81.46679217998799,49.69912461730375,64.23067237566129,365.76,419.1,0,a007c6,3
528,1645640696,28.1378173828125,-81.46679217998799,49.69912461730375,64.23067237566129,365.76,419.1,0,a007c6,3
529,1645640697,28.1378173828125,-81.46679217998799,49.69912461730375,64.23067237566129,365.76,419.1,0,a007c6,3
530,1645640698,28.1378173828125,-81.46679217998799,49.69912461730375,64.23067237566129,365.76,419.1,0,a007c6,3
531,1645640699,28.1378173828125,-81.46679217998799,49.69912461730375,64.23067237566129,365.76,419.1,0,a007c6,3
532,1645640700,28.1378173828125,-81.46679217998799,49.69912461730375,64.23067237566129,365.76,419.1,1,a007c6,3
533,1645640701,28.1378173828125,-81.46679217998799,49.69912461730375,64.23067237566129,365.76,419.1,0,a007c6,3
534,1645640702,28.1378173828125,-81.46679217998799,49.69912461730375,64.23067237566129,365.76,419.1,0,a007c6,3
535,1645640703,28.1378173828125,-81.46679217998799,49.69912461730375,64.23067237566129,365.76,419.1,0,a007c6,3
536,1645640704,28.1378173828125,-81.46679217998799,49.69912461730375,64.23067237566129,365.76,419.1,0,a007c6,3
537,1645640705,28.1378173828125,-81.46679217998799,49.69912461730375,64.23067237566129,365.76,419.1,0,a007c6,3
538,1645640706,28.1378173828125,-81.46679217998799,49.69912461730375,64.23067237566129,365.76,419.1,1,a007c6,3
539,1645640707,28.1378173828125,-81.46679217998799,49.69912461730375,64.23067237566129,365.76,419.1,0,a007c6,3
540,1645640708,28.1378173828125,-81.46679217998799,49.69912461730375,64.23067237566129,365.76,419.1,0,a007c6,3
541,1645640709,28.1378173828125,-81.46679217998799,49.69912461730375,64.23067237566129,365.76,419.1,0,a007c6,3
542,1645640710,28.1378173828125,-81.46679217998799,49.69912461730375,64.23067237566129,365.76,419.1,1,a007c6,3
543,1645640711,28.1378173828125,-81.46679217998799,49.69912461730375,64.23067237566129,365.76,419.1,0,a007c6,3
544,1645640712,28.1378173828125,-81.46679217998799,49.69912461730375,64.23067237566129,365.76,419.1,0,a007c6,3
545,1645640713,28.1378173828125,-81.46679217998799,49.69912461730375,64.23067237566129,365.76,419.1,0,a007c6,3
546,1645640714,28.1378173828125,-81.46679217998799,49.69912461730375,64.23067237566129,365.76,419.1,0,a007c6,3
547,1645640715,28.1378173828125,-81.46679217998799,49.69912461730375,64.23067237566129,365.76,419.1,0,a007c6,3
548,1645640716,28.1378173828125,-81.46679217998799,49.69912461730375,64.23067237566129,365.76,419.1,0,a007c6,3
549,1645640717,28.1378173828125,-81.46679217998799,49.69912461730375,64.23067237566129,365.76,419.1,0,a007c6,3
550,1645640718,28.1378173828125,-81.46679217998799,49.69912461730375,64.23067237566129,365.76,419.1,0,a007c6,3
551,1645640719,28.1378173828125,-81.46679217998799,49.69912461730375,64.23067237566129,365.76,419.1,0,a007c6,3
552,1645640720,28.1378173828125,-81.46679217998799,49.69912461730375,64.23067237566129,365.76,419.1,0,a007c6,3
553,1645640721,28.1378173828125,-81.46679217998799,49.69912461730375,64.23067237566129,365.76,419.1,0,a007c6,3
554,1645640722,28.1378173828125,-81.46679217998799,49.69912461730375,64.23067237566129,365.76,419.1,0,a007c6,3
555,1645640723,28.1378173828125,-81.46679217998799,49.69912461730375,64.23067237566129,365.76,419.1,0,a007c6,3
556,1645640724,28.1378173828125,-81.46679217998799,55.151180102152374,72.07208023799276,365.76,403.86,1,a007c6,3
557,1645640725,28.152279611361227,-81.42614028033088,55.151180102152374,72.07208023799276,381.0,403.86,0,a007c6,3
558,1645640726,28.152279611361227,-81.42614028033088,55.151180102152374,72.07208023799276,381.0,403.86,0,a007c6,3
559,1645640727,28.152279611361227,-81.42614028033088,55.151180102152374,72.07208023799276,381.0,403.86,0,a007c6,3
560,1645640728,28.152279611361227,-81.42614028033088,55.151180102152374,72.07208023799276,381.0,403.86,1,a007c6,3
561,1645640729,28.152279611361227,-81.42614028033088,55.151180102152374,72.07208023799276,381.0,403.86,0,a007c6,3
562,1645640730,28.152279611361227,-81.42614028033088,55.151180102152374,72.07208023799276,381.0,403.86,1,a007c6,3
563,1645640731,28.152279611361227,-81.42614028033088,55.151180102152374,72.07208023799276,381.0,403.86,0,a007c6,3
564,1645640732,28.152279611361227,-81.42614028033088,55.151180102152374,72.07208023799276,381.0,403.86,0,a007c6,3
565,1645640733,28.152279611361227,-81.42614028033088,55.151180102152374,72.07208023799276,381.0,403.86,1,a007c6,3
566,1645640734,28.152279611361227,-81.42614028033088,55.151180102152374,72.07208023799276,381.0,403.86,0,a007c6,3
567,1645640735,28.152279611361227,-81.42614028033088,55.151180102152374,72.07208023799276,381.0,403.86,0,a007c6,3
568,1645640736,28.152279611361227,-81.42614028033088,55.151180102152374,72.07208023799276,381.0,403.86,0,a007c6,3
569,1645640737,28.152279611361227,-81.42614028033088,55.151180102152374,72.07208023799276,381.0,403.86,0,a007c6,3
570,1645640738,28.152279611361227,-81.42614028033088,55.151180102152374,72.07208023799276,381.0,403.86,0,a007c6,3
571,1645640739,28.152279611361227,-81.42614028033088,55.151180102152374,72.07208023799276,381.0,403.86,1,a007c6,3
572,1645640740,28.152279611361227,-81.42614028033088,55.151180102152374,72.07208023799276,381.0,403.86,0,a007c6,3
573,1645640741,28.152279611361227,-81.42614028033088,55.151180102152374,72.07208023799276,381.0,403.86,0,a007c6,3
574,1645640742,28.152279611361227,-81.42614028033088,55.151180102152374,72.07208023799276,381.0,403.86,1,a007c6,3
575,1645640743,28.152279611361227,-81.42614028033088,55.151180102152374,72.07208023799276,381.0,403.86,0,a007c6,3
576,1645640744,28.152279611361227,-81.42614028033088,55.151180102152374,72.07208023799276,381.0,403.86,0,a007c6,3
577,1645640745,28.152279611361227,-81.42614028033088,55.151180102152374,72.07208023799276,381.0,403.86,0,a007c6,3
578,1645640746,28.152279611361227,-81.42614028033088,55.151180102152374,72.07208023799276,381.0,403.86,0,a007c6,3
579,1645640747,28.152279611361227,-81.42614028033088,55.151180102152374,72.07208023799276,381.0,403.86,0,a007c6,3
580,1645640748,28.152279611361227,-81.42614028033088,55.151180102152374,72.07208023799276,381.0,403.86,0,a007c6,3
581,1645640749,28.152279611361227,-81.42614028033088,55.151180102152374,72.07208023799276,381.0,403.86,0,a007c6,3
582,1645640750,28.152279611361227,-81.42614028033088,55.151180102152374,72.07208023799276,381.0,403.86,0,a007c6,3
583,1645640751,28.152279611361227,-81.42614028033088,55.151180102152374,72.07208023799276,381.0,403.86,0,a007c6,3
584,1645640752,28.152279611361227,-81.42614028033088,55.151180102152374,72.07208023799276,381.0,403.86,1,a007c6,3
585,1645640753,28.152279611361227,-81.42614028033088,55.151180102152374,72.07208023799276,381.0,403.86,1,a007c6,3
586,1645640754,28.152279611361227,-81.42614028033088,55.151180102152374,72.07208023799276,381.0,403.86,0,a007c6,3
587,1645640755,28.152279611361227,-81.42614028033088,55.151180102152374,72.07208023799276,381.0,403.86,0,a007c6,3
588,1645640756,28.152279611361227,-81.42614028033088,55.151180102152374,72.07208023799276,381.0,403.86,0,a007c6,3
589,1645640757,28.152279611361227,-81.42614028033088,55.151180102152374,72.07208023799276,381.0,403.86,0,a007c6,3
590,1645640758,28.152279611361227,-81.42614028033088,55.151180102152374,72.07208023799276,381.0,403.86,1,a007c6,3
591,1645640759,28.152279611361227,-81.42614028033088,55.151180102152374,72.07208023799276,381.0,403.86,1,a007c6,3
592,1645640760,28.152279611361227,-81.42614028033088,55.151180102152374,72.07208023799276,381.0,403.86,0,a007c6,3
593,1645640761,28.152279611361227,-81.42614028033088,55.151180102152374,72.07208023799276,381.0,403.86,0,a007c6,3
594,1645640762,28.152279611361227,-81.42614028033088,55.151180102152374,72.07208023799276,381.0,403.86,0,a007c6,3
595,1645640763,28.152279611361227,-81.42614028033088,55.151180102152374,72.07208023799276,381.0,403.86,0,a007c6,3
596,1645640764,28.152279611361227,-81.42614028033088,55.151180102152374,72.07208023799276,381.0,403.86,0,a007c6,3
597,1645640765,28.152279611361227,-81.42614028033088,55.151180102152374,72.07208023799276,381.0,403.86,0,a007c6,3
598,1645640766,28.152279611361227,-81.42614028033088,55.151180102152374,72.07208023799276,381.0,403.86,0,a007c6,3
599,1645640767,28.152279611361227,-81.42614028033088,55.151180102152374,72.07208023799276,381.0,403.86,0,a007c6,3
600,1645640768,28.152279611361227,-81.42614028033088,55.151180102152374,72.07208023799276,381.0,403.86,0,a007c6,3
601,1645640769,28.152279611361227,-81.42614028033088,55.151180102152374,72.07208023799276,381.0,403.86,0,a007c6,3
602,1645640770,28.152279611361227,-81.42614028033088,55.151180102152374,72.07208023799276,381.0,403.86,1,a007c6,3
603,1645640771,28.152279611361227,-81.42614028033088,53.90626928209075,66.37062226934319,381.0,426.72,1,a007c6,3
604,1645640772,28.160333148503707,-81.40185187844669,53.90626928209075,66.37062226934319,320.04,426.72,0,a007c6,3
605,1645640773,28.160519357454977,-81.4013671875,53.90626928209075,66.37062226934319,320.04,426.72,0,a007c6,3
606,1645640774,28.160519357454977,-81.4013671875,53.90626928209075,66.37062226934319,320.04,426.72,0,a007c6,3
607,1645640775,28.160519357454977,-81.4013671875,53.90626928209075,66.37062226934319,320.04,426.72,0,a007c6,3
608,1645640776,28.160519357454977,-81.4013671875,53.90626928209075,66.37062226934319,320.04,426.72,0,a007c6,3
609,1645640777,28.160519357454977,-81.4013671875,53.90626928209075,66.37062226934319,320.04,426.72,1,a007c6,3
610,1645640778,28.160519357454977,-81.4013671875,53.90626928209075,66.37062226934319,320.04,426.72,0,a007c6,3
611,1645640779,28.160519357454977,-81.4013671875,53.90626928209075,66.37062226934319,320.04,426.72,0,a007c6,3
612,1645640780,28.160519357454977,-81.4013671875,53.90626928209075,66.37062226934319,320.04,426.72,0,a007c6,3
613,1645640781,28.160519357454977,-81.4013671875,53.90626928209075,66.37062226934319,320.04,426.72,0,a007c6,3
614,1645640782,28.160519357454977,-81.4013671875,53.90626928209075,66.37062226934319,320.04,426.72,0,a007c6,3
615,1645640783,28.160519357454977,-81.4013671875,53.90626928209075,66.37062226934319,320.04,426.72,0,a007c6,3
616,1645640784,28.160519357454977,-81.4013671875,53.90626928209075,66.37062226934319,320.04,426.72,0,a007c6,3
617,1645640785,28.160519357454977,-81.4013671875,53.90626928209075,66.37062226934319,320.04,426.72,0,a007c6,3
618,1645640786,28.160519357454977,-81.4013671875,53.90626928209075,66.37062226934319,320.04,426.72,0,a007c6,3
619,1645640787,28.160519357454977,-81.4013671875,53.90626928209075,66.37062226934319,320.04,426.72,0,a007c6,3
620,1645640788,28.160519357454977,-81.4013671875,53.90626928209075,66.37062226934319,320.04,426.72,0,a007c6,3
621,1645640789,28.160519357454977,-81.4013671875,53.90626928209075,66.37062226934319,320.04,426.72,0,a007c6,3
622,1645640790,28.160519357454977,-81.4013671875,53.90626928209075,66.37062226934319,320.04,426.72,0,a007c6,3
623,1645640791,28.160519357454977,-81.4013671875,53.90626928209075,66.37062226934319,320.04,426.72,0,a007c6,3
624,1645640792,28.160519357454977,-81.4013671875,53.90626928209075,66.37062226934319,320.04,426.72,1,a007c6,3
625,1645640793,28.160519357454977,-81.4013671875,53.90626928209075,66.37062226934319,320.04,426.72,1,a007c6,3
626,1645640794,28.160519357454977,-81.4013671875,53.90626928209075,66.37062226934319,320.04,426.72,1,a007c6,3
627,1645640795,28.160519357454977,-81.4013671875,53.90626928209075,66.37062226934319,320.04,426.72,0,a007c6,3
628,1645640796,28.160519357454977,-81.4013671875,53.90626928209075,66.37062226934319,320.04,426.72,0,a007c6,3
629,1645640797,28.160519357454977,-81.4013671875,53.90626928209075,66.37062226934319,320.04,426.72,0,a007c6,3
630,1645640798,28.160519357454977,-81.4013671875,53.90626928209075,66.37062226934319,320.04,426.72,0,a007c6,3
631,1645640799,28.160519357454977,-81.4013671875,53.90626928209075,66.37062226934319,320.04,426.72,0,a007c6,3
632,1645640800,28.160519357454977,-81.4013671875,53.90626928209075,66.37062226934319,320.04,426.72,0,a007c6,3
633,1645640801,28.160519357454977,-81.4013671875,53.90626928209075,66.37062226934319,320.04,426.72,1,a007c6,3
634,1645640802,28.160519357454977,-81.4013671875,53.90626928209075,66.37062226934319,320.04,426.72,1,a007c6,3
635,1645640803,28.160519357454977,-81.4013671875,53.90626928209075,66.37062226934319,320.04,426.72,0,a007c6,3
636,1645640804,28.160519357454977,-81.4013671875,53.90626928209075,66.37062226934319,320.04,426.72,1,a007c6,3
637,1645640805,28.160519357454977,-81.4013671875,53.90626928209075,66.37062226934319,320.04,426.72,0,a007c6,3
638,1645640806,28.160519357454977,-81.4013671875,53.90626928209075,66.37062226934319,320.04,426.72,0,a007c6,3
639,1645640807,28.160519357454977,-81.4013671875,53.90626928209075,66.37062226934319,320.04,426.72,1,a007c6,3
640,1645640808,28.160519357454977,-81.4013671875,53.90626928209075,66.37062226934319,320.04,426.72,0,a007c6,3
641,1645640809,28.160519357454977,-81.4013671875,53.90626928209075,66.37062226934319,320.04,426.72,0,a007c6,3
642,1645640810,28.160519357454977,-81.4013671875,53.90626928209075,66.37062226934319,320.04,426.72,0,a007c6,3
643,1645640811,28.160519357454977,-81.4013671875,53.90626928209075,66.37062226934319,320.04,426.72,0,a007c6,3
644,1645640812,28.160519357454977,-81.4013671875,53.90626928209075,66.37062226934319,320.04,426.72,0,a007c6,3
645,1645640813,28.160519357454977,-81.4013671875,53.90626928209075,66.37062226934319,320.04,426.72,0,a007c6,3
646,1645640814,28.160519357454977,-81.4013671875,53.90626928209075,66.37062226934319,320.04,426.72,1,a007c6,3
647,1645640815,28.160519357454977,-81.4013671875,53.90626928209075,66.37062226934319,320.04,426.72,0,a007c6,3
648,1645640816,28.160519357454977,-81.4013671875,53.90626928209075,66.37062226934319,320.04,426.72,0,a007c6,3
649,1645640817,28.160519357454977,-81.4013671875,53.90626928209075,66.37062226934319,320.04,426.72,1,a007c6,3
650,1645640818,28.160519357454977,-81.4013671875,53.90626928209075,66.37062226934319,320.04,426.72,0,a007c6,3
651,1645640819,28.160519357454977,-81.4013671875,53.90626928209075,66.37062226934319,320.04,426.72,0,a007c6,3
652,1645640820,28.160519357454977,-81.4013671875,53.90626928209075,66.37062226934319,320.04,426.72,0,a007c6,3
653,1645640821,28.160519357454977,-81.4013671875,53.90626928209075,66.37062226934319,320.04,426.72,0,a007c6,3
654,1645640822,28.160519357454977,-81.4013671875,53.90626928209075,66.37062226934319,320.04,426.72,0,a007c6,3
655,1645640823,28.160519357454977,-81.4013671875,53.90626928209075,66.37062226934319,320.04,426.72,0,a007c6,3
656,1645640824,28.160519357454977,-81.4013671875,53.90626928209075,66.37062226934319,320.04,426.72,0,a007c6,3
657,1645640825,28.160519357454977,-81.4013671875,53.90626928209075,66.37062226934319,320.04,426.72,0,a007c6,3
658,1645640826,28.160519357454977,-81.4013671875,53.90626928209075,66.37062226934319,320.04,426.72,0,a007c6,3
659,1645640827,28.160519357454977,-81.4013671875,53.90626928209075,66.37062226934319,320.04,426.72,0,a007c6,3
660,1645640828,28.160519357454977,-81.4013671875,53.90626928209075,66.37062226934319,320.04,426.72,0,a007c6,3
661,1645640829,28.160519357454977,-81.4013671875,53.90626928209075,66.37062226934319,320.04,426.72,0,a007c6,3
662,1645640830,28.160519357454977,-81.4013671875,53.90626928209075,66.37062226934319,320.04,426.72,1,a007c6,3
663,1645640831,28.160519357454977,-81.4013671875,53.90626928209075,66.37062226934319,320.04,426.72,0,a007c6,3
664,1645640832,28.160519357454977,-81.4013671875,53.90626928209075,66.37062226934319,320.04,426.72,0,a007c6,3
665,1645640833,28.160519357454977,-81.4013671875,53.90626928209075,66.37062226934319,320.04,426.72,0,a007c6,3
666,1645640834,28.160519357454977,-81.4013671875,53.90626928209075,66.37062226934319,320.04,426.72,0,a007c6,3
667,1645640835,28.160519357454977,-81.4013671875,53.90626928209075,66.37062226934319,320.04,426.72,1,a007c6,3
668,1645640836,28.160519357454977,-81.4013671875,53.90626928209075,66.37062226934319,320.04,426.72,1,a007c6,3
669,1645640837,28.160519357454977,-81.4013671875,53.90626928209075,66.37062226934319,320.04,426.72,1,a007c6,3
670,1645640838,28.160519357454977,-81.4013671875,53.90626928209075,66.37062226934319,320.04,426.72,1,a007c6,3
671,1645640839,28.175033569335938,-81.36881314791167,53.90626928209075,66.37062226934319,236.22,426.72,1,a007c6,3
672,1645640840,28.175033569335938,-81.36881314791167,53.90626928209075,66.37062226934319,236.22,426.72,0,a007c6,3
673,1645640841,28.175033569335938,-81.36881314791167,53.90626928209075,66.37062226934319,236.22,426.72,0,a007c6,3
674,1645640842,28.175033569335938,-81.36881314791167,53.90626928209075,66.37062226934319,236.22,426.72,1,a007c6,3
675,1645640843,28.175033569335938,-81.36881314791167,53.90626928209075,66.37062226934319,236.22,426.72,0,a007c6,3
676,1645640844,28.175033569335938,-81.36881314791167,53.90626928209075,66.37062226934319,236.22,426.72,0,a007c6,3
677,1645640845,28.175033569335938,-81.36881314791167,53.90626928209075,66.37062226934319,236.22,426.72,1,a007c6,3
678,1645640846,28.175033569335938,-81.36881314791167,53.90626928209075,66.37062226934319,236.22,426.72,0,a007c6,3
679,1645640847,28.175033569335938,-81.36881314791167,53.90626928209075,66.37062226934319,236.22,426.72,0,a007c6,3
680,1645640848,28.175033569335938,-81.36881314791167,53.90626928209075,66.37062226934319,236.22,426.72,1,a007c6,3
681,1645640849,28.175033569335938,-81.36881314791167,53.90626928209075,66.37062226934319,236.22,426.72,1,a007c6,3
682,1645640850,28.175033569335938,-81.36881314791167,53.90626928209075,66.37062226934319,236.22,426.72,0,a007c6,3
683,1645640851,28.175033569335938,-81.36881314791167,53.90626928209075,66.37062226934319,236.22,426.72,0,a007c6,3
684,1645640852,28.175033569335938,-81.36881314791167,53.90626928209075,66.37062226934319,236.22,426.72,1,a007c6,3
685,1645640853,28.175033569335938,-81.36881314791167,53.90626928209075,66.37062226934319,236.22,426.72,0,a007c6,3
686,1645640854,28.175033569335938,-81.36881314791167,53.90626928209075,66.37062226934319,236.22,426.72,1,a007c6,3
687,1645640855,28.175033569335938,-81.36881314791167,53.90626928209075,66.37062226934319,236.22,426.72,0,a007c6,3
688,1645640856,28.175033569335938,-81.36881314791167,53.90626928209075,66.37062226934319,236.22,426.72,0,a007c6,3
689,1645640857,28.175033569335938,-81.36881314791167,53.90626928209075,66.37062226934319,236.22,426.72,0,a007c6,3
690,1645640858,28.175033569335938,-81.36881314791167,53.90626928209075,66.37062226934319,236.22,426.72,0,a007c6,3
691,1645640859,28.175033569335938,-81.36881314791167,53.90626928209075,66.37062226934319,236.22,426.72,0,a007c6,3
692,1645640860,28.175033569335938,-81.36881314791167,53.90626928209075,66.37062226934319,236.22,426.72,0,a007c6,3
693,1645640861,28.175033569335938,-81.36881314791167,53.90626928209075,66.37062226934319,236.22,426.72,1,a007c6,3
694,1645640862,28.175033569335938,-81.36881314791167,53.90626928209075,66.37062226934319,236.22,426.72,0,a007c6,3
695,1645640863,28.175033569335938,-81.36881314791167,53.90626928209075,66.37062226934319,236.22,426.72,0,a007c6,3
696,1645640864,28.175033569335938,-81.36881314791167,53.90626928209075,66.37062226934319,236.22,426.72,0,a007c6,3
697,1645640865,28.175033569335938,-81.36881314791167,53.90626928209075,66.37062226934319,236.22,426.72,0,a007c6,3
698,1645640866,28.175033569335938,-81.36881314791167,53.90626928209075,66.37062226934319,236.22,426.72,0,a007c6,3
699,1645640867,28.175033569335938,-81.36881314791167,53.90626928209075,66.37062226934319,236.22,426.72,0,a007c6,3
700,1645640868,28.175033569335938,-81.36881314791167,53.90626928209075,66.37062226934319,236.22,426.72,1,a007c6,3
701,1645640869,28.175033569335938,-81.36881314791167,53.90626928209075,66.37062226934319,236.22,426.72,0,a007c6,3
702,1645640870,28.175033569335938,-81.36881314791167,53.90626928209075,66.37062226934319,236.22,426.72,0,a007c6,3
703,1645640871,28.175033569335938,-81.36881314791167,53.90626928209075,66.37062226934319,236.22,426.72,0,a007c6,3
704,1645640872,28.175033569335938,-81.36881314791167,53.90626928209075,66.37062226934319,236.22,426.72,0,a007c6,3
705,1645640873,28.175033569335938,-81.36881314791167,53.90626928209075,66.37062226934319,236.22,426.72,0,a007c6,3
706,1645640874,28.175033569335938,-81.36881314791167,53.90626928209075,66.37062226934319,236.22,426.72,0,a007c6,3
707,1645640875,28.175033569335938,-81.36881314791167,53.90626928209075,66.37062226934319,236.22,426.72,1,a007c6,3
708,1645640876,28.175033569335938,-81.36881314791167,53.90626928209075,66.37062226934319,236.22,426.72,1,a007c6,3
709,1645640877,28.175033569335938,-81.36881314791167,53.90626928209075,66.37062226934319,236.22,426.72,1,a007c6,3
710,1645640878,28.175033569335938,-81.36881314791167,53.90626928209075,66.37062226934319,236.22,426.72,1,a007c6,3
711,1645640879,28.175033569335938,-81.36881314791167,53.90626928209075,66.37062226934319,236.22,426.72,0,a007c6,3
712,1645640880,28.175033569335938,-81.36881314791167,53.90626928209075,66.37062226934319,236.22,426.72,0,a007c6,3
713,1645640881,28.175033569335938,-81.36881314791167,53.90626928209075,66.37062226934319,236.22,426.72,0,a007c6,3
714,1645640882,28.175033569335938,-81.36881314791167,53.90626928209075,66.37062226934319,236.22,426.72,0,a007c6,3
715,1645640883,28.175033569335938,-81.36881314791167,53.90626928209075,66.37062226934319,236.22,426.72,0,a007c6,3
716,1645640884,28.175033569335938,-81.36881314791167,53.90626928209075,66.37062226934319,236.22,426.72,0,a007c6,3
717,1645640885,28.175033569335938,-81.36881314791167,53.90626928209075,66.37062226934319,236.22,426.72,0,a007c6,3
718,1645640886,28.175033569335938,-81.36881314791167,53.90626928209075,66.37062226934319,236.22,426.72,0,a007c6,3
719,1645640887,28.175033569335938,-81.36881314791167,53.90626928209075,66.37062226934319,236.22,426.72,0,a007c6,3
720,1645640888,28.175033569335938,-81.36881314791167,53.90626928209075,66.37062226934319,236.22,426.72,0,a007c6,3
721,1645640889,28.175033569335938,-81.36881314791167,53.90626928209075,66.37062226934319,236.22,426.72,0,a007c6,3
722,1645640890,28.175033569335938,-81.36881314791167,53.90626928209075,66.37062226934319,236.22,426.72,0,a007c6,3
723,1645640891,28.175033569335938,-81.36881314791167,53.90626928209075,66.37062226934319,236.22,426.72,1,a007c6,3
724,1645640892,28.175033569335938,-81.36881314791167,53.90626928209075,66.37062226934319,236.22,426.72,1,a007c6,3
725,1645640893,28.175033569335938,-81.36881314791167,53.90626928209075,66.37062226934319,236.22,426.72,1,a007c6,3
726,1645640894,28.175033569335938,-81.36881314791167,53.90626928209075,66.37062226934319,236.22,426.72,0,a007c6,3
727,1645640895,28.175033569335938,-81.36881314791167,53.90626928209075,66.37062226934319,236.22,426.72,0,a007c6,3
728,1645640896,28.175033569335938,-81.36881314791167,53.90626928209075,66.37062226934319,236.22,426.72,0,a007c6,3
729,1645640897,28.175033569335938,-81.36881314791167,53.90626928209075,66.37062226934319,236.22,426.72,0,a007c6,3
730,1645640898,28.175033569335938,-81.36881314791167,53.90626928209075,66.37062226934319,236.22,426.72,0,a007c6,3
731,1645640899,28.175033569335938,-81.36881314791167,53.90626928209075,66.37062226934319,236.22,426.72,0,a007c6,3
732,1645640900,28.175033569335938,-81.36881314791167,53.90626928209075,66.37062226934319,236.22,426.72,0,a007c6,3
733,1645640901,28.175033569335938,-81.36881314791167,53.90626928209075,66.37062226934319,236.22,426.72,0,a007c6,3
734,1645640902,28.175033569335938,-81.36881314791167,53.90626928209075,66.37062226934319,236.22,426.72,0,a007c6,3
735,1645640903,28.175033569335938,-81.36881314791167,53.90626928209075,66.37062226934319,236.22,426.72,0,a007c6,3
736,1645640904,28.175033569335938,-81.36881314791167,53.90626928209075,66.37062226934319,236.22,426.72,1,a007c6,3
737,1645640905,28.175033569335938,-81.36881314791167,53.90626928209075,66.37062226934319,236.22,426.72,0,a007c6,3
738,1645640906,28.175033569335938,-81.36881314791167,53.90626928209075,66.37062226934319,236.22,426.72,1,a007c6,3
739,1645640907,28.175033569335938,-81.36881314791167,53.90626928209075,66.37062226934319,236.22,426.72,0,a007c6,3
740,1645640908,28.175033569335938,-81.36881314791167,53.90626928209075,66.37062226934319,236.22,426.72,0,a007c6,3
741,1645640909,28.175033569335938,-81.36881314791167,53.90626928209075,66.37062226934319,236.22,426.72,0,a007c6,3
742,1645640910,28.175033569335938,-81.36881314791167,53.90626928209075,66.37062226934319,236.22,426.72,1,a007c6,3
743,1645640911,28.175033569335938,-81.36881314791167,53.90626928209075,66.37062226934319,236.22,426.72,0,a007c6,3
744,1645640912,28.175033569335938,-81.36881314791167,53.90626928209075,66.37062226934319,236.22,426.72,0,a007c6,3
745,1645640913,28.175033569335938,-81.36881314791167,53.90626928209075,66.37062226934319,236.22,426.72,1,a007c6,3
746,1645640914,28.175033569335938,-81.36881314791167,53.90626928209075,66.37062226934319,236.22,426.72,0,a007c6,3
747,1645640915,28.175033569335938,-81.36881314791167,53.90626928209075,66.37062226934319,236.22,426.72,0,a007c6,3
748,1645640916,28.175033569335938,-81.36881314791167,53.90626928209075,66.37062226934319,236.22,426.72,0,a007c6,3
749,1645640917,28.175033569335938,-81.36881314791167,53.90626928209075,66.37062226934319,236.22,426.72,1,a007c6,3
750,1645640918,28.175033569335938,-81.36881314791167,53.90626928209075,66.37062226934319,236.22,426.72,1,a007c6,3
751,1645640919,28.175033569335938,-81.36881314791167,53.90626928209075,66.37062226934319,236.22,426.72,1,a007c6,3
752,1645640920,28.175033569335938,-81.36881314791167,53.90626928209075,66.37062226934319,236.22,426.72,1,a007c6,3
753,1645640921,28.175033569335938,-81.36881314791167,53.90626928209075,66.37062226934319,236.22,426.72,0,a007c6,3
754,1645640922,28.175033569335938,-81.36881314791167,53.90626928209075,66.37062226934319,236.22,426.72,0,a007c6,3
755,1645640923,28.175033569335938,-81.36881314791167,53.90626928209075,66.37062226934319,236.22,426.72,0,a007c6,3
756,1645640924,28.175033569335938,-81.36881314791167,53.90626928209075,66.37062226934319,236.22,426.72,0,a007c6,3
757,1645640925,28.175033569335938,-81.36881314791167,53.90626928209075,66.37062226934319,236.22,426.72,0,a007c6,3
758,1645640926,28.175033569335938,-81.36881314791167,53.90626928209075,66.37062226934319,236.22,426.72,0,a007c6,3
759,1645640927,28.175033569335938,-81.36881314791167,53.90626928209075,66.37062226934319,236.22,426.72,1,a007c6,3
760,1645640928,28.175033569335938,-81.36881314791167,53.90626928209075,66.37062226934319,236.22,426.72,0,a007c6,3
761,1645640929,28.175033569335938,-81.36881314791167,53.90626928209075,66.37062226934319,236.22,426.72,0,a007c6,3
762,1645640930,28.175033569335938,-81.36881314791167,53.90626928209075,66.37062226934319,236.22,426.72,1,a007c6,3
763,1645640931,28.175033569335938,-81.36881314791167,53.90626928209075,66.37062226934319,236.22,426.72,1,a007c6,3
764,1645640932,28.175033569335938,-81.36881314791167,53.90626928209075,66.37062226934319,236.22,426.72,1,a007c6,3
765,1645640933,28.175033569335938,-81.36881314791167,53.90626928209075,66.37062226934319,236.22,426.72,0,a007c6,3
766,1645640934,28.175033569335938,-81.36881314791167,53.90626928209075,66.37062226934319,236.22,426.72,0,a007c6,3
767,1645640935,28.175033569335938,-81.36881314791167,53.90626928209075,66.37062226934319,236.22,426.72,0,a007c6,3
768,1645640936,28.175033569335938,-81.36881314791167,53.90626928209075,66.37062226934319,236.22,426.72,0,a007c6,3
769,1645640937,28.175033569335938,-81.36881314791167,53.90626928209075,66.37062226934319,236.22,426.72,0,a007c6,3
770,1645640938,28.175033569335938,-81.36881314791167,53.90626928209075,66.37062226934319,236.22,426.72,0,a007c6,3
771,1645640939,28.175033569335938,-81.36881314791167,53.90626928209075,66.37062226934319,236.22,426.72,0,a007c6,3
772,1645640940,28.175033569335938,-81.36881314791167,53.90626928209075,66.37062226934319,236.22,426.72,1,a007c6,3
773,1645640941,28.175033569335938,-81.36881314791167,53.90626928209075,66.37062226934319,236.22,426.72,0,a007c6,3
774,1645640942,28.175033569335938,-81.36881314791167,53.90626928209075,66.37062226934319,236.22,426.72,0,a007c6,3
775,1645640943,28.175033569335938,-81.36881314791167,53.90626928209075,66.37062226934319,236.22,426.72,0,a007c6,3
776,1645640944,28.175033569335938,-81.36881314791167,53.90626928209075,66.37062226934319,236.22,426.72,0,a007c6,3
777,1645640945,28.175033569335938,-81.36881314791167,53.90626928209075,66.37062226934319,236.22,426.72,0,a007c6,3
778,1645640946,28.175033569335938,-81.36881314791167,53.90626928209075,66.37062226934319,236.22,426.72,1,a007c6,3
779,1645640947,28.175033569335938,-81.36881314791167,53.90626928209075,66.37062226934319,236.22,426.72,0,a007c6,3
780,1645640948,28.175033569335938,-81.36881314791167,53.90626928209075,66.37062226934319,236.22,426.72,0,a007c6,3
781,1645640949,28.175033569335938,-81.36881314791167,53.90626928209075,66.37062226934319,236.22,426.72,1,a007c6,3
782,1645640950,28.175033569335938,-81.36881314791167,53.90626928209075,66.37062226934319,236.22,426.72,0,a007c6,3
783,1645640951,28.175033569335938,-81.36881314791167,53.90626928209075,66.37062226934319,236.22,426.72,0,a007c6,3
784,1645640952,28.175033569335938,-81.36881314791167,53.90626928209075,66.37062226934319,236.22,426.72,0,a007c6,3
785,1645640953,28.175033569335938,-81.36881314791167,53.90626928209075,66.37062226934319,236.22,426.72,0,a007c6,3
786,1645640954,28.175033569335938,-81.36881314791167,53.90626928209075,66.37062226934319,236.22,426.72,1,a007c6,3
787,1645640955,28.175033569335938,-81.36881314791167,53.90626928209075,66.37062226934319,236.22,426.72,1,a007c6,3
788,1645640956,28.175033569335938,-81.36881314791167,53.90626928209075,66.37062226934319,236.22,426.72,1,a007c6,3
789,1645640957,28.175033569335938,-81.36881314791167,53.90626928209075,66.37062226934319,236.22,426.72,0,a007c6,3
790,1645640958,28.175033569335938,-81.36881314791167,53.90626928209075,66.37062226934319,236.22,426.72,0,a007c6,3
791,1645640959,28.175033569335938,-81.36881314791167,53.90626928209075,66.37062226934319,236.22,426.72,1,a007c6,3
792,1645640960,28.175033569335938,-81.36881314791167,53.90626928209075,66.37062226934319,236.22,426.72,1,a007c6,3
793,1645640961,28.175033569335938,-81.36881314791167,53.90626928209075,66.37062226934319,236.22,426.72,0,a007c6,3
794,1645640962,28.175033569335938,-81.36881314791167,53.90626928209075,66.37062226934319,236.22,426.72,1,a007c6,3
795,1645640963,28.175033569335938,-81.36881314791167,53.90626928209075,66.37062226934319,236.22,426.72,0,a007c6,3
796,1645640964,28.175033569335938,-81.36881314791167,53.90626928209075,66.37062226934319,236.22,426.72,0,a007c6,3
797,1645640965,28.175033569335938,-81.36881314791167,53.90626928209075,66.37062226934319,236.22,426.72,0,a007c6,3
798,1645640966,28.175033569335938,-81.36881314791167,53.90626928209075,66.37062226934319,236.22,426.72,0,a007c6,3
799,1645640967,28.175033569335938,-81.36881314791167,53.90626928209075,66.37062226934319,236.22,426.72,0,a007c6,3
800,1645640968,28.175033569335938,-81.36881314791167,53.90626928209075,66.37062226934319,236.22,426.72,0,a007c6,3
801,1645640969,28.175033569335938,-81.36881314791167,53.90626928209075,66.37062226934319,236.22,426.72,0,a007c6,3
802,1645640970,28.175033569335938,-81.36881314791167,53.90626928209075,66.37062226934319,236.22,426.72,1,a007c6,3
803,1645640971,28.175033569335938,-81.36881314791167,53.90626928209075,66.37062226934319,236.22,426.72,0,a007c6,3
804,1645640972,28.175033569335938,-81.36881314791167,53.90626928209075,66.37062226934319,236.22,426.72,0,a007c6,3
805,1645640973,28.175033569335938,-81.36881314791167,53.90626928209075,66.37062226934319,236.22,426.72,0,a007c6,3
806,1645640974,28.175033569335938,-81.36881314791167,53.90626928209075,66.37062226934319,236.22,426.72,0,a007c6,3
807,1645640975,28.175033569335938,-81.36881314791167,53.90626928209075,66.37062226934319,236.22,426.72,0,a007c6,3
808,1645640976,28.175033569335938,-81.36881314791167,53.90626928209075,66.37062226934319,236.22,426.72,0,a007c6,3
809,1645640977,28.175033569335938,-81.36881314791167,53.90626928209075,66.37062226934319,236.22,426.72,0,a007c6,3
810,1645640978,28.175033569335938,-81.36881314791167,53.90626928209075,66.37062226934319,236.22,426.72,0,a007c6,3
811,1645640979,28.175033569335938,-81.36881314791167,53.90626928209075,66.37062226934319,236.22,426.72,1,a007c6,3
812,1645640980,28.175033569335938,-81.36881314791167,53.90626928209075,66.37062226934319,236.22,426.72,0,a007c6,3
813,1645640981,28.175033569335938,-81.36881314791167,53.90626928209075,66.37062226934319,236.22,426.72,0,a007c6,3
814,1645640982,28.175033569335938,-81.36881314791167,53.90626928209075,66.37062226934319,236.22,426.72,0,a007c6,3
815,1645640983,28.175033569335938,-81.36881314791167,53.90626928209075,66.37062226934319,236.22,426.72,0,a007c6,3
816,1645640984,28.175033569335938,-81.36881314791167,53.90626928209075,66.37062226934319,236.22,426.72,0,a007c6,3
817,1645640985,28.175033569335938,-81.36881314791167,53.90626928209075,66.37062226934319,236.22,426.72,1,a007c6,3
818,1645640986,28.175033569335938,-81.36881314791167,53.90626928209075,66.37062226934319,236.22,426.72,1,a007c6,3
819,1645640987,28.175033569335938,-81.36881314791167,53.90626928209075,66.37062226934319,236.22,426.72,0,a007c6,3
820,1645640988,28.175033569335938,-81.36881314791167,53.90626928209075,66.37062226934319,236.22,426.72,0,a007c6,3
821,1645640989,28.175033569335938,-81.36881314791167,53.90626928209075,66.37062226934319,236.22,426.72,0,a007c6,3
822,1645640990,28.175033569335938,-81.36881314791167,53.90626928209075,66.37062226934319,236.22,426.72,0,a007c6,3
823,1645640991,28.175033569335938,-81.36881314791167,53.90626928209075,66.37062226934319,236.22,426.72,1,a007c6,3
824,1645640992,28.175033569335938,-81.36881314791167,53.90626928209075,66.37062226934319,236.22,426.72,0,a007c6,3
825,1645640993,28.175033569335938,-81.36881314791167,53.90626928209075,66.37062226934319,236.22,426.72,0,a007c6,3
826,1645640994,28.175033569335938,-81.36881314791167,53.90626928209075,66.37062226934319,236.22,426.72,0,a007c6,3
827,1645640995,28.175033569335938,-81.36881314791167,53.90626928209075,66.37062226934319,236.22,426.72,0,a007c6,3
828,1645640996,28.175033569335938,-81.36881314791167,53.90626928209075,66.37062226934319,236.22,426.72,1,a007c6,3
829,1645640997,28.175033569335938,-81.36881314791167,53.90626928209075,66.37062226934319,236.22,426.72,0,a007c6,3
830,1645640998,28.175033569335938,-81.36881314791167,53.90626928209075,66.37062226934319,236.22,426.72,0,a007c6,3
831,1645640999,28.175033569335938,-81.36881314791167,53.90626928209075,66.37062226934319,236.22,426.72,0,a007c6,3
832,1645641000,28.175033569335938,-81.36881314791167,53.90626928209075,66.37062226934319,236.22,426.72,0,a007c6,3
833,1645641001,28.175033569335938,-81.36881314791167,53.90626928209075,66.37062226934319,236.22,426.72,0,a007c6,3
834,1645641002,28.175033569335938,-81.36881314791167,53.90626928209075,66.37062226934319,236.22,426.72,1,a007c6,3
835,1645641003,28.175033569335938,-81.36881314791167,53.90626928209075,66.37062226934319,236.22,426.72,0,a007c6,3
836,1645641004,28.175033569335938,-81.36881314791167,53.90626928209075,66.37062226934319,236.22,426.72,0,a007c6,3
837,1645641005,28.214007878707626,-81.29559685202206,53.90626928209075,66.37062226934319,198.12,426.72,1,a007c6,3
838,1645641006,28.214007878707626,-81.29559685202206,53.90626928209075,66.37062226934319,198.12,426.72,1,a007c6,3
839,1645641007,28.214007878707626,-81.29559685202206,53.90626928209075,66.37062226934319,198.12,426.72,0,a007c6,3
840,1645641008,28.214007878707626,-81.29559685202206,53.90626928209075,66.37062226934319,198.12,426.72,0,a007c6,3
841,1645641009,28.214007878707626,-81.29559685202206,53.90626928209075,66.37062226934319,198.12,426.72,0,a007c6,3
842,1645641010,28.214007878707626,-81.29559685202206,53.90626928209075,66.37062226934319,198.12,426.72,0,a007c6,3
843,1645641011,28.214007878707626,-81.29559685202206,53.90626928209075,66.37062226934319,198.12,426.72,0,a007c6,3
844,1645641012,28.214007878707626,-81.29559685202206,53.90626928209075,66.37062226934319,198.12,426.72,1,a007c6,3
845,1645641013,28.214007878707626,-81.29559685202206,53.90626928209075,66.37062226934319,198.12,426.72,0,a007c6,3
846,1645641014,28.214007878707626,-81.29559685202206,53.90626928209075,66.37062226934319,198.12,426.72,0,a007c6,3
847,1645641015,28.214007878707626,-81.29559685202206,53.90626928209075,66.37062226934319,198.12,426.72,1,a007c6,3
848,1645641016,28.214007878707626,-81.29559685202206,53.90626928209075,66.37062226934319,198.12,426.72,1,a007c6,3
849,1645641017,28.214007878707626,-81.29559685202206,53.90626928209075,66.37062226934319,198.12,426.72,0,a007c6,3
850,1645641018,28.214007878707626,-81.29559685202206,53.90626928209075,66.37062226934319,198.12,426.72,0,a007c6,3
851,1645641019,28.214007878707626,-81.29559685202206,53.90626928209075,66.37062226934319,198.12,426.72,0,a007c6,3
852,1645641020,28.214007878707626,-81.29559685202206,53.90626928209075,66.37062226934319,198.12,426.72,0,a007c6,3
853,1645641021,28.214007878707626,-81.29559685202206,53.90626928209075,66.37062226934319,198.12,426.72,1,a007c6,3
854,1645641022,28.214007878707626,-81.29559685202206,53.90626928209075,66.37062226934319,198.12,426.72,0,a007c6,3
855,1645641023,28.214007878707626,-81.29559685202206,53.90626928209075,66.37062226934319,198.12,426.72,0,a007c6,3
856,1645641024,28.214007878707626,-81.29559685202206,53.90626928209075,66.37062226934319,198.12,426.72,0,a007c6,3
857,1645641025,28.214007878707626,-81.29559685202206,53.90626928209075,66.37062226934319,198.12,426.72,0,a007c6,3
858,1645641026,28.214007878707626,-81.29559685202206,53.90626928209075,66.37062226934319,198.12,426.72,0,a007c6,3
859,1645641027,28.214007878707626,-81.29559685202206,53.90626928209075,66.37062226934319,198.12,426.72,0,a007c6,3
860,1645641028,28.214007878707626,-81.29559685202206,53.90626928209075,66.37062226934319,198.12,426.72,1,a007c6,3
861,1645641029,28.214007878707626,-81.29559685202206,53.90626928209075,66.37062226934319,198.12,426.72,1,a007c6,3
862,1645641030,28.214007878707626,-81.29559685202206,53.90626928209075,66.37062226934319,198.12,426.72,0,a007c6,3
863,1645641031,28.214007878707626,-81.29559685202206,53.90626928209075,66.37062226934319,198.12,426.72,1,a007c6,3
864,1645641032,28.214007878707626,-81.29559685202206,53.90626928209075,66.37062226934319,198.12,426.72,0,a007c6,3
865,1645641033,28.214007878707626,-81.29559685202206,53.90626928209075,66.37062226934319,198.12,426.72,0,a007c6,3
866,1645641034,28.214007878707626,-81.29559685202206,53.90626928209075,66.37062226934319,198.12,426.72,0,a007c6,3
867,1645641035,28.214007878707626,-81.29559685202206,53.90626928209075,66.37062226934319,198.12,426.72,0,a007c6,3
868,1645641036,28.214007878707626,-81.29559685202206,53.90626928209075,66.37062226934319,198.12,426.72,0,a007c6,3
869,1645641037,28.214007878707626,-81.29559685202206,53.90626928209075,66.37062226934319,198.12,426.72,0,a007c6,3
870,1645641038,28.214007878707626,-81.29559685202206,53.90626928209075,66.37062226934319,198.12,426.72,1,a007c6,3
871,1645641039,28.214007878707626,-81.29559685202206,53.90626928209075,66.37062226934319,198.12,426.72,0,a007c6,3
872,1645641040,28.214007878707626,-81.29559685202206,53.90626928209075,66.37062226934319,198.12,426.72,1,a007c6,3
873,1645641041,28.214007878707626,-81.29559685202206,53.90626928209075,66.37062226934319,198.12,426.72,0,a007c6,3
874,1645641042,28.214007878707626,-81.29559685202206,53.90626928209075,66.37062226934319,198.12,426.72,0,a007c6,3
875,1645641043,28.214007878707626,-81.29559685202206,53.90626928209075,66.37062226934319,198.12,426.72,0,a007c6,3
876,1645641044,28.214007878707626,-81.29559685202206,53.90626928209075,66.37062226934319,198.12,426.72,1,a007c6,3
877,1645641045,28.214007878707626,-81.29559685202206,53.90626928209075,66.37062226934319,198.12,426.72,0,a007c6,3
878,1645641046,28.214007878707626,-81.29559685202206,53.90626928209075,66.37062226934319,198.12,426.72,0,a007c6,3
879,1645641047,28.214007878707626,-81.29559685202206,53.90626928209075,66.37062226934319,198.12,426.72,0,a007c6,3
880,1645641048,28.214007878707626,-81.29559685202206,51.80581349682848,57.57244500422754,198.12,236.22,1,a007c6,3
881,1645641049,28.214007878707626,-81.29559685202206,51.80581349682848,57.57244500422754,198.12,236.22,1,a007c6,3
882,1645641050,28.214007878707626,-81.29559685202206,51.80581349682848,57.57244500422754,198.12,236.22,1,a007c6,3
883,1645641051,28.214007878707626,-81.29559685202206,51.80581349682848,57.57244500422754,198.12,236.22,0,a007c6,3
884,1645641052,28.214007878707626,-81.29559685202206,51.80581349682848,57.57244500422754,198.12,236.22,1,a007c6,3
885,1645641053,28.214007878707626,-81.29559685202206,51.80581349682848,57.57244500422754,198.12,236.22,0,a007c6,3
886,1645641054,28.214007878707626,-81.29559685202206,51.80581349682848,57.57244500422754,198.12,236.22,0,a007c6,3
887,1645641055,28.214007878707626,-81.29559685202206,51.80581349682848,57.57244500422754,198.12,236.22,0,a007c6,3
888,1645641056,28.214007878707626,-81.29559685202206,51.80581349682848,57.57244500422754,198.12,236.22,1,a007c6,3
889,1645641057,28.214007878707626,-81.29559685202206,51.80581349682848,57.57244500422754,198.12,236.22,0,a007c6,3
890,1645641058,28.214007878707626,-81.29559685202206,51.80581349682848,57.57244500422754,198.12,236.22,1,a007c6,3
891,1645641059,28.214007878707626,-81.29559685202206,51.80581349682848,57.57244500422754,198.12,236.22,0,a007c6,3
892,1645641060,28.228363037109375,-81.27310532789964,51.80581349682848,57.57244500422754,182.88,236.22,0,a007c6,3
893,1645641061,28.228363037109375,-81.27310532789964,51.80581349682848,57.57244500422754,182.88,236.22,1,a007c6,3
894,1645641062,28.228363037109375,-81.27310532789964,51.80581349682848,57.57244500422754,182.88,236.22,0,a007c6,3
895,1645641063,28.228363037109375,-81.27310532789964,51.80581349682848,57.57244500422754,182.88,236.22,0,a007c6,3
896,1645641064,28.228363037109375,-81.27310532789964,51.80581349682848,57.57244500422754,182.88,236.22,0,a007c6,3
897,1645641065,28.228363037109375,-81.27310532789964,51.80581349682848,57.57244500422754,182.88,236.22,0,a007c6,3
898,1645641066,28.228363037109375,-81.27310532789964,51.80581349682848,57.57244500422754,182.88,236.22,0,a007c6,3
899,1645641067,28.228363037109375,-81.27310532789964,51.80581349682848,57.57244500422754,182.88,236.22,1,a007c6,3
900,1645641068,28.228363037109375,-81.27310532789964,51.80581349682848,57.57244500422754,182.88,236.22,0,a007c6,3
901,1645641069,28.230606079101562,-81.26872136042668,51.80581349682848,57.57244500422754,175.26000000000002,236.22,1,a007c6,3
902,1645641070,28.230606079101562,-81.26872136042668,51.80581349682848,57.57244500422754,175.26000000000002,236.22,0,a007c6,3
903,1645641071,28.230606079101562,-81.26872136042668,51.80581349682848,57.57244500422754,175.26000000000002,236.22,0,a007c6,3
904,1645641072,28.230606079101562,-81.26872136042668,51.80581349682848,57.57244500422754,175.26000000000002,236.22,0,a007c6,3
905,1645641073,28.230606079101562,-81.26872136042668,51.80581349682848,57.57244500422754,175.26000000000002,236.22,0,a007c6,3
906,1645641074,28.230606079101562,-81.26872136042668,51.80581349682848,57.57244500422754,175.26000000000002,236.22,0,a007c6,3
907,1645641075,28.230606079101562,-81.26872136042668,51.80581349682848,57.57244500422754,175.26000000000002,236.22,0,a007c6,3
908,1645641076,28.230606079101562,-81.26872136042668,51.80581349682848,57.57244500422754,175.26000000000002,236.22,1,a007c6,3
909,1645641077,28.230606079101562,-81.26872136042668,51.80581349682848,57.57244500422754,175.26000000000002,236.22,0,a007c6,3
910,1645641078,28.230606079101562,-81.26872136042668,51.80581349682848,57.57244500422754,175.26000000000002,236.22,0,a007c6,3
911,1645641079,28.230606079101562,-81.26872136042668,51.80581349682848,57.57244500422754,175.26000000000002,236.22,0,a007c6,3
912,1645641080,28.230606079101562,-81.26872136042668,51.80581349682848,57.57244500422754,175.26000000000002,236.22,1,a007c6,3
913,1645641081,28.230606079101562,-81.26872136042668,51.80581349682848,57.57244500422754,175.26000000000002,236.22,0,a007c6,3
914,1645641082,28.230606079101562,-81.26872136042668,51.80581349682848,57.57244500422754,175.26000000000002,236.22,1,a007c6,3
915,1645641083,28.230606079101562,-81.26872136042668,51.80581349682848,57.57244500422754,175.26000000000002,236.22,0,a007c6,3
916,1645641084,28.230606079101562,-81.26872136042668,51.80581349682848,57.57244500422754,175.26000000000002,236.22,0,a007c6,3
917,1645641085,28.230606079101562,-81.26872136042668,51.80581349682848,57.57244500422754,175.26000000000002,236.22,0,a007c6,3
918,1645641086,28.230606079101562,-81.26872136042668,51.80581349682848,57.57244500422754,175.26000000000002,236.22,0,a007c6,3
919,1645641087,28.230606079101562,-81.26872136042668,51.80581349682848,57.57244500422754,175.26000000000002,236.22,1,a007c6,3
920,1645641088,28.230606079101562,-81.26872136042668,51.80581349682848,57.57244500422754,175.26000000000002,236.22,0,a007c6,3
921,1645641089,28.230606079101562,-81.26872136042668,51.80581349682848,57.57244500422754,175.26000000000002,236.22,0,a007c6,3
922,1645641090,28.230606079101562,-81.26872136042668,51.80581349682848,57.57244500422754,175.26000000000002,236.22,0,a007c6,3
923,1645641091,28.230606079101562,-81.26872136042668,51.80581349682848,57.57244500422754,175.26000000000002,236.22,1,a007c6,3
924,1645641092,28.230606079101562,-81.26872136042668,51.80581349682848,57.57244500422754,175.26000000000002,236.22,1,a007c6,3
925,1645641093,28.230606079101562,-81.26872136042668,51.80581349682848,57.57244500422754,175.26000000000002,236.22,1,a007c6,3
926,1645641094,28.230606079101562,-81.26872136042668,51.80581349682848,57.57244500422754,175.26000000000002,236.22,0,a007c6,3
927,1645641095,28.230606079101562,-81.26872136042668,51.80581349682848,57.57244500422754,175.26000000000002,236.22,0,a007c6,3
928,1645641096,28.230606079101562,-81.26872136042668,51.80581349682848,57.57244500422754,175.26000000000002,236.22,0,a007c6,3
929,1645641097,28.230606079101562,-81.26872136042668,51.80581349682848,57.57244500422754,175.26000000000002,236.22,1,a007c6,3
930,1645641098,28.230606079101562,-81.26872136042668,51.80581349682848,57.57244500422754,175.26000000000002,236.22,0,a007c6,3
931,1645641099,28.230606079101562,-81.26872136042668,51.80581349682848,57.57244500422754,175.26000000000002,236.22,0,a007c6,3
932,1645641100,28.230606079101562,-81.26872136042668,51.80581349682848,57.57244500422754,175.26000000000002,236.22,0,a007c6,3
933,1645641101,28.230606079101562,-81.26872136042668,51.80581349682848,57.57244500422754,175.26000000000002,236.22,0,a007c6,3
934,1645641102,28.230606079101562,-81.26872136042668,51.80581349682848,57.57244500422754,175.26000000000002,236.22,0,a007c6,3
935,1645641103,28.230606079101562,-81.26872136042668,51.80581349682848,57.57244500422754,175.26000000000002,236.22,0,a007c6,3
936,1645641104,28.230606079101562,-81.26872136042668,51.80581349682848,57.57244500422754,175.26000000000002,236.22,0,a007c6,3
937,1645641105,28.230606079101562,-81.26872136042668,51.80581349682848,57.57244500422754,175.26000000000002,236.22,0,a007c6,3
938,1645641106,28.230606079101562,-81.26872136042668,51.80581349682848,57.57244500422754,175.26000000000002,236.22,0,a007c6,3
939,1645641107,28.230606079101562,-81.26872136042668,51.80581349682848,57.57244500422754,175.26000000000002,236.22,0,a007c6,3
940,1645641108,28.230606079101562,-81.26872136042668,51.80581349682848,57.57244500422754,175.26000000000002,236.22,1,a007c6,3
941,1645641109,28.230606079101562,-81.26872136042668,51.80581349682848,57.57244500422754,175.26000000000002,236.22,0,a007c6,3
942,1645641110,28.230606079101562,-81.26872136042668,51.80581349682848,57.57244500422754,175.26000000000002,236.22,0,a007c6,3
943,1645641111,28.230606079101562,-81.26872136042668,51.80581349682848,57.57244500422754,175.26000000000002,236.22,0,a007c6,3
944,1645641112,28.230606079101562,-81.26872136042668,51.80581349682848,57.57244500422754,175.26000000000002,236.22,0,a007c6,3
945,1645641113,28.230606079101562,-81.26872136042668,51.80581349682848,57.57244500422754,175.26000000000002,236.22,0,a007c6,3
946,1645641114,28.230606079101562,-81.26872136042668,51.80581349682848,57.57244500422754,175.26000000000002,236.22,0,a007c6,3
947,1645641115,28.230606079101562,-81.26872136042668,51.80581349682848,57.57244500422754,175.26000000000002,236.22,1,a007c6,3
948,1645641116,28.230606079101562,-81.26872136042668,51.80581349682848,57.57244500422754,175.26000000000002,236.22,0,a007c6,3
949,1645641117,28.230606079101562,-81.26872136042668,51.80581349682848,57.57244500422754,175.26000000000002,236.22,0,a007c6,3
950,1645641118,28.230606079101562,-81.26872136042668,51.80581349682848,57.57244500422754,175.26000000000002,236.22,1,a007c6,3
951,1645641119,28.230606079101562,-81.26872136042668,51.80581349682848,57.57244500422754,175.26000000000002,236.22,1,a007c6,3
952,1645641120,28.230606079101562,-81.26872136042668,51.80581349682848,57.57244500422754,175.26000000000002,236.22,1,a007c6,3
953,1645641121,28.230606079101562,-81.26872136042668,51.80581349682848,57.57244500422754,175.26000000000002,236.22,0,a007c6,3
954,1645641122,28.230606079101562,-81.26872136042668,51.80581349682848,57.57244500422754,175.26000000000002,236.22,0,a007c6,3
955,1645641123,28.230606079101562,-81.26872136042668,51.80581349682848,57.57244500422754,175.26000000000002,236.22,0,a007c6,3
956,1645641124,28.230606079101562,-81.26872136042668,51.80581349682848,57.57244500422754,175.26000000000002,236.22,0,a007c6,3
957,1645641125,28.230606079101562,-81.26872136042668,51.80581349682848,57.57244500422754,175.26000000000002,236.22,0,a007c6,3
958,1645641126,28.230606079101562,-81.26872136042668,51.80581349682848,57.57244500422754,175.26000000000002,236.22,0,a007c6,3
959,1645641127,28.230606079101562,-81.26872136042668,51.80581349682848,57.57244500422754,175.26000000000002,236.22,0,a007c6,3
960,1645641128,28.230606079101562,-81.26872136042668,51.80581349682848,57.57244500422754,175.26000000000002,236.22,0,a007c6,3
961,1645641129,28.230606079101562,-81.26872136042668,51.80581349682848,57.57244500422754,175.26000000000002,236.22,0,a007c6,3
962,1645641130,28.230606079101562,-81.26872136042668,51.80581349682848,57.57244500422754,175.26000000000002,236.22,0,a007c6,3
963,1645641131,28.230606079101562,-81.26872136042668,51.80581349682848,57.57244500422754,175.26000000000002,236.22,0,a007c6,3
964,1645641132,28.230606079101562,-81.26872136042668,51.80581349682848,57.57244500422754,175.26000000000002,236.22,0,a007c6,3
965,1645641133,28.230606079101562,-81.26872136042668,51.80581349682848,57.57244500422754,175.26000000000002,236.22,1,a007c6,3
966,1645641134,28.230606079101562,-81.26872136042668,51.80581349682848,57.57244500422754,175.26000000000002,236.22,0,a007c6,3
967,1645641135,28.230606079101562,-81.26872136042668,51.80581349682848,57.57244500422754,175.26000000000002,236.22,0,a007c6,3
968,1645641136,28.230606079101562,-81.26872136042668,51.80581349682848,57.57244500422754,175.26000000000002,236.22,1,a007c6,3
969,1645641137,28.230606079101562,-81.26872136042668,51.80581349682848,57.57244500422754,175.26000000000002,236.22,1,a007c6,3
970,1645641138,28.230606079101562,-81.26872136042668,51.80581349682848,57.57244500422754,175.26000000000002,236.22,0,a007c6,3
971,1645641139,28.230606079101562,-81.26872136042668,51.80581349682848,57.57244500422754,175.26000000000002,236.22,1,a007c6,3
972,1645641140,28.230606079101562,-81.26872136042668,51.80581349682848,57.57244500422754,175.26000000000002,236.22,0,a007c6,3
973,1645641141,28.230606079101562,-81.26872136042668,51.80581349682848,57.57244500422754,175.26000000000002,236.22,0,a007c6,3
974,1645641142,28.230606079101562,-81.26872136042668,51.80581349682848,57.57244500422754,175.26000000000002,236.22,0,a007c6,3
975,1645641143,28.230606079101562,-81.26872136042668,51.80581349682848,57.57244500422754,175.26000000000002,236.22,0,a007c6,3
976,1645641144,28.230606079101562,-81.26872136042668,51.80581349682848,57.57244500422754,175.26000000000002,236.22,0,a007c6,3
977,1645641145,28.230606079101562,-81.26872136042668,51.80581349682848,57.57244500422754,175.26000000000002,236.22,0,a007c6,3
978,1645641146,28.230606079101562,-81.26872136042668,51.80581349682848,57.57244500422754,175.26000000000002,236.22,0,a007c6,3
979,1645641147,28.230606079101562,-81.26872136042668,51.80581349682848,57.57244500422754,175.26000000000002,236.22,1,a007c6,3
980,1645641148,28.230606079101562,-81.26872136042668,51.80581349682848,57.57244500422754,175.26000000000002,236.22,1,a007c6,3
981,1645641149,28.230606079101562,-81.26872136042668,51.80581349682848,57.57244500422754,175.26000000000002,236.22,0,a007c6,3
982,1645641150,28.230606079101562,-81.26872136042668,51.80581349682848,57.57244500422754,175.26000000000002,236.22,1,a007c6,3
983,1645641151,28.230606079101562,-81.26872136042668,51.80581349682848,57.57244500422754,175.26000000000002,236.22,0,a007c6,3
984,1645641152,28.230606079101562,-81.26872136042668,51.80581349682848,57.57244500422754,175.26000000000002,236.22,0,a007c6,3
985,1645641153,28.230606079101562,-81.26872136042668,51.80581349682848,57.57244500422754,175.26000000000002,236.22,0,a007c6,3
986,1645641154,28.230606079101562,-81.26872136042668,51.80581349682848,57.57244500422754,175.26000000000002,236.22,1,a007c6,3
987,1645641155,28.230606079101562,-81.26872136042668,51.80581349682848,57.57244500422754,175.26000000000002,236.22,0,a007c6,3
988,1645641156,28.230606079101562,-81.26872136042668,51.80581349682848,57.57244500422754,175.26000000000002,236.22,0,a007c6,3
989,1645641157,28.230606079101562,-81.26872136042668,51.80581349682848,57.57244500422754,175.26000000000002,236.22,1,a007c6,3
990,1645641158,28.230606079101562,-81.26872136042668,51.80581349682848,57.57244500422754,175.26000000000002,236.22,0,a007c6,3
991,1645641159,28.230606079101562,-81.26872136042668,51.80581349682848,57.57244500422754,175.26000000000002,236.22,0,a007c6,3
992,1645641160,28.230606079101562,-81.26872136042668,51.80581349682848,57.57244500422754,175.26000000000002,236.22,0,a007c6,3
993,1645641161,28.230606079101562,-81.26872136042668,51.80581349682848,57.57244500422754,175.26000000000002,236.22,0,a007c6,3
994,1645641162,28.230606079101562,-81.26872136042668,51.80581349682848,57.57244500422754,175.26000000000002,236.22,1,a007c6,3
995,1645641163,28.230606079101562,-81.26872136042668,51.80581349682848,57.57244500422754,175.26000000000002,236.22,0,a007c6,3
996,1645641164,28.230606079101562,-81.26872136042668,51.80581349682848,57.57244500422754,175.26000000000002,236.22,0,a007c6,3
997,1645641165,28.230606079101562,-81.26872136042668,51.80581349682848,57.57244500422754,175.26000000000002,236.22,0,a007c6,3
998,1645641166,28.230606079101562,-81.26872136042668,51.80581349682848,57.57244500422754,175.26000000000002,236.22,1,a007c6,3
999,1645641167,28.230606079101562,-81.26872136042668,51.80581349682848,57.57244500422754,175.26000000000002,236.22,1,a007c6,3
1000,1645641168,28.230606079101562,-81.26872136042668,51.80581349682848,57.57244500422754,175.26000000000002,236.22,0,a007c6,3
1001,1645641169,28.230606079101562,-81.26872136042668,51.80581349682848,57.57244500422754,175.26000000000002,236.22,0,a007c6,3
1002,1645641170,28.230606079101562,-81.26872136042668,51.80581349682848,57.57244500422754,175.26000000000002,236.22,1,a007c6,3
1003,1645641171,28.230606079101562,-81.26872136042668,51.80581349682848,57.57244500422754,175.26000000000002,236.22,1,a007c6,3
1004,1645641172,28.230606079101562,-81.26872136042668,51.80581349682848,57.57244500422754,175.26000000000002,236.22,0,a007c6,3
1005,1645641173,28.230606079101562,-81.26872136042668,51.80581349682848,57.57244500422754,175.26000000000002,236.22,0,a007c6,3
1006,1645641174,28.230606079101562,-81.26872136042668,51.80581349682848,57.57244500422754,175.26000000000002,236.22,0,a007c6,3
1007,1645641175,28.230606079101562,-81.26872136042668,51.80581349682848,57.57244500422754,175.26000000000002,236.22,0,a007c6,3
1008,1645641176,28.230606079101562,-81.26872136042668,51.80581349682848,57.57244500422754,175.26000000000002,236.22,0,a007c6,3
1009,1645641177,28.230606079101562,-81.26872136042668,51.80581349682848,57.57244500422754,175.26000000000002,236.22,1,a007c6,3
1010,1645641178,28.230606079101562,-81.26872136042668,51.80581349682848,57.57244500422754,11643.36,236.22,1,a007c6,3
1011,1645641179,28.230606079101562,-81.26872136042668,51.80581349682848,57.57244500422754,11643.36,236.22,1,a007c6,3
1012,1645641180,28.230606079101562,-81.26872136042668,51.80581349682848,57.57244500422754,11643.36,236.22,1,a007c6,3
1013,1645641181,28.230606079101562,-81.26872136042668,51.80581349682848,57.57244500422754,11643.36,236.22,0,a007c6,3
1014,1645641182,28.230606079101562,-81.26872136042668,51.80581349682848,57.57244500422754,11643.36,236.22,1,a007c6,3
1015,1645641183,28.230606079101562,-81.26872136042668,51.80581349682848,57.57244500422754,11643.36,236.22,1,a007c6,3
1016,1645641184,28.230606079101562,-81.26872136042668,51.80581349682848,57.57244500422754,11643.36,236.22,0,a007c6,3
1017,1645641185,28.230606079101562,-81.26872136042668,51.80581349682848,57.57244500422754,11643.36,236.22,1,a007c6,3
1018,1645641186,28.230606079101562,-81.26872136042668,51.80581349682848,57.57244500422754,11643.36,236.22,0,a007c6,3
1019,1645641187,28.230606079101562,-81.26872136042668,51.80581349682848,57.57244500422754,11643.36,236.22,0,a007c6,3
1020,1645641188,28.230606079101562,-81.26872136042668,51.80581349682848,57.57244500422754,11643.36,236.22,1,a007c6,3
1021,1645641189,28.230606079101562,-81.26872136042668,51.80581349682848,57.57244500422754,11643.36,236.22,0,a007c6,3
1022,1645641190,28.230606079101562,-81.26872136042668,51.80581349682848,57.57244500422754,11643.36,236.22,0,a007c6,3
1023,1645641191,28.230606079101562,-81.26872136042668,51.80581349682848,57.57244500422754,11643.36,236.22,0,a007c6,3
1024,1645641192,28.230606079101562,-81.26872136042668,51.80581349682848,57.57244500422754,11643.36,236.22,1,a007c6,3
1025,1645641193,28.230606079101562,-81.26872136042668,51.80581349682848,57.57244500422754,11643.36,236.22,0,a007c6,3
1026,1645641194,28.230606079101562,-81.26872136042668,51.80581349682848,57.57244500422754,11643.36,236.22,1,a007c6,3
1027,1645641195,28.230606079101562,-81.26872136042668,51.80581349682848,57.57244500422754,11643.36,236.22,0,a007c6,3
1028,1645641196,28.230606079101562,-81.26872136042668,51.80581349682848,57.57244500422754,11643.36,236.22,0,a007c6,3
1029,1645641197,28.230606079101562,-81.26872136042668,51.80581349682848,57.57244500422754,11643.36,236.22,0,a007c6,3
1030,1645641198,28.230606079101562,-81.26872136042668,51.80581349682848,57.57244500422754,11643.36,236.22,0,a007c6,3
1031,1645641199,28.230606079101562,-81.26872136042668,51.80581349682848,57.57244500422754,11643.36,236.22,1,a007c6,3
1032,1645641200,28.230606079101562,-81.26872136042668,51.80581349682848,57.57244500422754,11643.36,236.22,0,a007c6,3
1033,1645641201,28.230606079101562,-81.26872136042668,51.80581349682848,57.57244500422754,11643.36,236.22,0,a007c6,3
1034,1645641202,28.230606079101562,-81.26872136042668,51.80581349682848,57.57244500422754,11643.36,236.22,0,a007c6,3
1035,1645641203,28.230606079101562,-81.26872136042668,51.80581349682848,57.57244500422754,11643.36,236.22,0,a007c6,3
1036,1645641204,28.230606079101562,-81.26872136042668,51.80581349682848,57.57244500422754,11643.36,236.22,0,a007c6,3
1037,1645641205,28.230606079101562,-81.26872136042668,51.80581349682848,57.57244500422754,11643.36,236.22,0,a007c6,3
1038,1645641206,28.230606079101562,-81.26872136042668,51.80581349682848,57.57244500422754,11643.36,236.22,0,a007c6,3
1039,1645641207,28.230606079101562,-81.26872136042668,51.80581349682848,57.57244500422754,11643.36,236.22,1,a007c6,3
1040,1645641208,28.230606079101562,-81.26872136042668,51.80581349682848,57.57244500422754,11643.36,236.22,1,a007c6,3
1041,1645641209,28.230606079101562,-81.26872136042668,51.80581349682848,57.57244500422754,11643.36,236.22,0,a007c6,3
1042,1645641210,28.230606079101562,-81.26872136042668,51.80581349682848,57.57244500422754,11643.36,236.22,0,a007c6,3
1043,1645641211,28.230606079101562,-81.26872136042668,51.80581349682848,57.57244500422754,11643.36,236.22,0,a007c6,3
1044,1645641212,28.230606079101562,-81.26872136042668,51.80581349682848,57.57244500422754,11643.36,236.22,0,a007c6,3
1045,1645641213,28.230606079101562,-81.26872136042668,51.80581349682848,57.57244500422754,11643.36,236.22,0,a007c6,3
1046,1645641214,28.230606079101562,-81.26872136042668,51.80581349682848,57.57244500422754,11643.36,236.22,1,a007c6,3
1047,1645641215,28.230606079101562,-81.26872136042668,51.80581349682848,57.57244500422754,11643.36,236.22,1,a007c6,3
1048,1645641216,28.230606079101562,-81.26872136042668,51.80581349682848,57.57244500422754,11643.36,236.22,0,a007c6,3
1049,1645641217,28.230606079101562,-81.26872136042668,51.80581349682848,57.57244500422754,11643.36,236.22,0,a007c6,3
1050,1645641218,28.230606079101562,-81.26872136042668,51.80581349682848,57.57244500422754,11643.36,236.22,1,a007c6,3
1051,1645641219,28.230606079101562,-81.26872136042668,51.80581349682848,57.57244500422754,11643.36,236.22,0,a007c6,3
1052,1645641220,28.230606079101562,-81.26872136042668,51.80581349682848,57.57244500422754,11643.36,236.22,1,a007c6,3
1053,1645641221,28.230606079101562,-81.26872136042668,51.80581349682848,57.57244500422754,11643.36,236.22,0,a007c6,3
1054,1645641222,28.230606079101562,-81.26872136042668,51.80581349682848,57.57244500422754,11643.36,236.22,0,a007c6,3
1055,1645641223,28.230606079101562,-81.26872136042668,51.80581349682848,57.57244500422754,11643.36,236.22,0,a007c6,3
1056,1645641224,28.230606079101562,-81.26872136042668,51.80581349682848,57.57244500422754,11643.36,236.22,1,a007c6,3
1057,1645641225,28.230606079101562,-81.26872136042668,51.80581349682848,57.57244500422754,11643.36,236.22,0,a007c6,3
1058,1645641226,28.230606079101562,-81.26872136042668,51.80581349682848,57.57244500422754,11643.36,236.22,0,a007c6,3
1059,1645641227,28.230606079101562,-81.26872136042668,51.80581349682848,57.57244500422754,11643.36,236.22,1,a007c6,3
1060,1645641228,28.230606079101562,-81.26872136042668,51.80581349682848,57.57244500422754,11643.36,236.22,0,a007c6,3
1061,1645641229,28.230606079101562,-81.26872136042668,51.80581349682848,57.57244500422754,11643.36,236.22,0,a007c6,3
1062,1645641230,28.230606079101562,-81.26872136042668,51.80581349682848,57.57244500422754,11643.36,236.22,0,a007c6,3
1063,1645641231,28.230606079101562,-81.26872136042668,51.80581349682848,57.57244500422754,11643.36,236.22,0,a007c6,3
1064,1645641232,28.230606079101562,-81.26872136042668,51.80581349682848,57.57244500422754,11643.36,236.22,0,a007c6,3
1065,1645641233,28.230606079101562,-81.26872136042668,51.80581349682848,57.57244500422754,11643.36,236.22,0,a007c6,3
1066,1645641234,28.230606079101562,-81.26872136042668,51.80581349682848,57.57244500422754,11643.36,236.22,1,a007c6,3
1067,1645641235,28.230606079101562,-81.26872136042668,51.80581349682848,57.57244500422754,11643.36,236.22,0,a007c6,3
1068,1645641236,28.230606079101562,-81.26872136042668,51.80581349682848,57.57244500422754,11643.36,236.22,0,a007c6,3
1069,1645641237,28.230606079101562,-81.26872136042668,51.80581349682848,57.57244500422754,11643.36,236.22,1,a007c6,3
1070,1645641238,28.230606079101562,-81.26872136042668,51.80581349682848,57.57244500422754,11643.36,236.22,0,a007c6,3
1071,1645641239,28.230606079101562,-81.26872136042668,51.80581349682848,57.57244500422754,11643.36,236.22,1,a007c6,3
1072,1645641240,28.230606079101562,-81.26872136042668,51.80581349682848,57.57244500422754,11643.36,236.22,0,a007c6,3
1073,1645641241,28.230606079101562,-81.26872136042668,51.80581349682848,57.57244500422754,11643.36,236.22,0,a007c6,3
1074,1645641242,28.230606079101562,-81.26872136042668,51.80581349682848,57.57244500422754,11643.36,236.22,0,a007c6,3
1075,1645641243,28.230606079101562,-81.26872136042668,51.80581349682848,57.57244500422754,11643.36,236.22,1,a007c6,3
1076,1645641244,28.230606079101562,-81.26872136042668,51.80581349682848,57.57244500422754,11643.36,236.22,0,a007c6,3
1077,1645641245,28.230606079101562,-81.26872136042668,51.80581349682848,57.57244500422754,11643.36,236.22,0,a007c6,3
1078,1645641246,28.230606079101562,-81.26872136042668,51.80581349682848,57.57244500422754,11643.36,236.22,0,a007c6,3
1079,1645641247,28.230606079101562,-81.26872136042668,51.80581349682848,57.57244500422754,11643.36,236.22,1,a007c6,3
1080,1645641248,28.230606079101562,-81.26872136042668,51.80581349682848,57.57244500422754,11643.36,236.22,0,a007c6,3
1081,1645641249,28.230606079101562,-81.26872136042668,51.80581349682848,57.57244500422754,11643.36,236.22,0,a007c6,3
1082,1645641250,28.230606079101562,-81.26872136042668,51.80581349682848,57.57244500422754,11643.36,236.22,0,a007c6,3
1083,1645641251,28.230606079101562,-81.26872136042668,51.80581349682848,57.57244500422754,11643.36,236.22,0,a007c6,3
1084,1645641252,28.230606079101562,-81.26872136042668,51.80581349682848,57.57244500422754,11643.36,236.22,0,a007c6,3
1085,1645641253,28.230606079101562,-81.26872136042668,51.80581349682848,57.57244500422754,11643.36,236.22,0,a007c6,3
1086,1645641254,28.230606079101562,-81.26872136042668,51.80581349682848,57.57244500422754,11643.36,236.22,0,a007c6,3
1087,1645641255,28.230606079101562,-81.26872136042668,51.80581349682848,57.57244500422754,11643.36,236.22,0,a007c6,3
1088,1645641256,28.230606079101562,-81.26872136042668,51.80581349682848,57.57244500422754,11643.36,236.22,0,a007c6,3
1089,1645641257,28.230606079101562,-81.26872136042668,51.80581349682848,57.57244500422754,11643.36,236.22,0,a007c6,3
1090,1645641258,28.230606079101562,-81.26872136042668,51.80581349682848,57.57244500422754,11643.36,236.22,0,a007c6,3
1091,1645641259,28.230606079101562,-81.26872136042668,51.80581349682848,57.57244500422754,11643.36,236.22,0,a007c6,3
1092,1645641260,28.230606079101562,-81.26872136042668,51.80581349682848,57.57244500422754,11643.36,236.22,0,a007c6,3
1093,1645641261,28.230606079101562,-81.26872136042668,51.80581349682848,57.57244500422754,11643.36,236.22,1,a007c6,3
1094,1645641262,28.230606079101562,-81.26872136042668,51.80581349682848,57.57244500422754,11643.36,236.22,0,a007c6,3
1095,1645641263,28.230606079101562,-81.26872136042668,51.80581349682848,57.57244500422754,11643.36,236.22,0,a007c6,3
1096,1645641264,28.230606079101562,-81.26872136042668,51.80581349682848,57.57244500422754,11643.36,236.22,0,a007c6,3
1097,1645641265,28.230606079101562,-81.26872136042668,51.80581349682848,57.57244500422754,11643.36,236.22,0,a007c6,3
1098,1645641266,28.230606079101562,-81.26872136042668,51.80581349682848,57.57244500422754,11643.36,236.22,0,a007c6,3
1099,1645641267,28.230606079101562,-81.26872136042668,51.80581349682848,57.57244500422754,11643.36,236.22,0,a007c6,3
1100,1645641268,28.230606079101562,-81.26872136042668,51.80581349682848,57.57244500422754,11643.36,236.22,0,a007c6,3
1101,1645641269,28.230606079101562,-81.26872136042668,51.80581349682848,57.57244500422754,11643.36,236.22,0,a007c6,3
1102,1645641270,28.230606079101562,-81.26872136042668,51.80581349682848,57.57244500422754,11643.36,236.22,0,a007c6,3
1103,1645641271,28.230606079101562,-81.26872136042668,51.80581349682848,57.57244500422754,11643.36,236.22,1,a007c6,3
1104,1645641272,28.230606079101562,-81.26872136042668,51.80581349682848,57.57244500422754,11643.36,236.22,0,a007c6,3
1105,1645641273,28.230606079101562,-81.26872136042668,51.80581349682848,57.57244500422754,11643.36,236.22,0,a007c6,3
1106,1645641274,28.230606079101562,-81.26872136042668,51.80581349682848,57.57244500422754,11643.36,236.22,0,a007c6,3
1107,1645641275,28.230606079101562,-81.26872136042668,51.80581349682848,57.57244500422754,11643.36,236.22,0,a007c6,3
1108,1645641276,28.230606079101562,-81.26872136042668,51.80581349682848,57.57244500422754,11643.36,236.22,0,a007c6,3
1109,1645641277,28.230606079101562,-81.26872136042668,51.80581349682848,57.57244500422754,11643.36,236.22,0,a007c6,3
1110,1645641278,28.230606079101562,-81.26872136042668,51.80581349682848,57.57244500422754,11643.36,236.22,0,a007c6,3
1111,1645641279,28.230606079101562,-81.26872136042668,51.80581349682848,57.57244500422754,11643.36,236.22,0,a007c6,3
1112,1645641280,28.230606079101562,-81.26872136042668,51.80581349682848,57.57244500422754,11643.36,236.22,0,a007c6,3
1113,1645641281,28.230606079101562,-81.26872136042668,51.80581349682848,57.57244500422754,11643.36,236.22,0,a007c6,3
1114,1645641282,28.230606079101562,-81.26872136042668,51.80581349682848,57.57244500422754,11643.36,236.22,0,a007c6,3
1115,1645641283,28.230606079101562,-81.26872136042668,51.80581349682848,57.57244500422754,11643.36,236.22,1,a007c6,3
1116,1645641284,28.230606079101562,-81.26872136042668,51.80581349682848,57.57244500422754,11643.36,236.22,0,a007c6,3
1117,1645641285,28.230606079101562,-81.26872136042668,51.80581349682848,57.57244500422754,11643.36,236.22,0,a007c6,3
1118,1645641286,28.230606079101562,-81.26872136042668,51.80581349682848,57.57244500422754,11643.36,236.22,1,a007c6,3
1119,1645641287,28.230606079101562,-81.26872136042668,51.80581349682848,57.57244500422754,11643.36,236.22,0,a007c6,3
1120,1645641288,28.230606079101562,-81.26872136042668,51.80581349682848,57.57244500422754,11643.36,236.22,0,a007c6,3
1121,1645641289,28.230606079101562,-81.26872136042668,51.80581349682848,57.57244500422754,11643.36,236.22,0,a007c6,3
1122,1645641290,28.230606079101562,-81.26872136042668,51.80581349682848,57.57244500422754,11643.36,236.22,0,a007c6,3
1123,1645641291,28.230606079101562,-81.26872136042668,51.80581349682848,57.57244500422754,11643.36,236.22,1,a007c6,3
1124,1645641292,28.230606079101562,-81.26872136042668,51.80581349682848,57.57244500422754,11643.36,236.22,1,a007c6,3
1125,1645641293,28.230606079101562,-81.26872136042668,51.80581349682848,57.57244500422754,11643.36,236.22,0,a007c6,3
1126,1645641294,28.230606079101562,-81.26872136042668,51.80581349682848,57.57244500422754,11643.36,236.22,0,a007c6,3
1127,1645641295,28.230606079101562,-81.26872136042668,51.80581349682848,57.57244500422754,11643.36,236.22,0,a007c6,3
1128,1645641296,28.230606079101562,-81.26872136042668,51.80581349682848,57.57244500422754,11643.36,236.22,0,a007c6,3
1129,1645641297,28.230606079101562,-81.26872136042668,51.80581349682848,57.57244500422754,11643.36,236.22,0,a007c6,3
1130,1645641298,28.230606079101562,-81.26872136042668,51.80581349682848,57.57244500422754,11643.36,236.22,0,a007c6,3
1131,1645641299,28.230606079101562,-81.26872136042668,51.80581349682848,57.57244500422754,11643.36,236.22,0,a007c6,3
1132,1645641300,28.230606079101562,-81.26872136042668,51.80581349682848,57.57244500422754,11643.36,236.22,0,a007c6,3
1133,1645641301,28.230606079101562,-81.26872136042668,51.80581349682848,57.57244500422754,11643.36,236.22,0,a007c6,3
1134,1645641302,28.230606079101562,-81.26872136042668,51.80581349682848,57.57244500422754,11643.36,236.22,0,a007c6,3
1135,1645641303,28.230606079101562,-81.26872136042668,51.80581349682848,57.57244500422754,11643.36,236.22,0,a007c6,3
1136,1645641304,28.230606079101562,-81.26872136042668,51.80581349682848,57.57244500422754,11643.36,236.22,0,a007c6,3
1137,1645641305,28.230606079101562,-81.26872136042668,51.80581349682848,57.57244500422754,11643.36,236.22,0,a007c6,3
1138,1645641306,28.230606079101562,-81.26872136042668,51.80581349682848,57.57244500422754,11643.36,236.22,0,a007c6,3
1139,1645641307,28.230606079101562,-81.26872136042668,51.80581349682848,57.57244500422754,11643.36,236.22,0,a007c6,3
1140,1645641308,28.230606079101562,-81.26872136042668,51.80581349682848,57.57244500422754,11643.36,236.22,0,a007c6,3
1141,1645641309,28.230606079101562,-81.26872136042668,51.80581349682848,57.57244500422754,11643.36,236.22,0,a007c6,3
1142,1645641310,28.230606079101562,-81.26872136042668,51.80581349682848,57.57244500422754,11643.36,236.22,1,a007c6,3
1143,1645641311,28.230606079101562,-81.26872136042668,51.80581349682848,57.57244500422754,11643.36,236.22,0,a007c6,3
1144,1645641312,28.230606079101562,-81.26872136042668,51.80581349682848,57.57244500422754,11643.36,236.22,0,a007c6,3
1145,1645641313,28.230606079101562,-81.26872136042668,51.80581349682848,57.57244500422754,11643.36,236.22,0,a007c6,3
1146,1645641314,28.230606079101562,-81.26872136042668,51.80581349682848,57.57244500422754,11643.36,236.22,0,a007c6,3
1147,1645641315,28.230606079101562,-81.26872136042668,51.80581349682848,57.57244500422754,11643.36,236.22,1,a007c6,3
1148,1645641316,28.230606079101562,-81.26872136042668,51.80581349682848,57.57244500422754,11643.36,236.22,0,a007c6,3
1149,1645641317,28.230606079101562,-81.26872136042668,51.80581349682848,57.57244500422754,11643.36,236.22,1,a007c6,3
1150,1645641318,28.230606079101562,-81.26872136042668,51.80581349682848,57.57244500422754,11643.36,236.22,0,a007c6,3
1151,1645641319,28.230606079101562,-81.26872136042668,51.80581349682848,57.57244500422754,11643.36,236.22,0,a007c6,3
1152,1645641320,28.230606079101562,-81.26872136042668,51.80581349682848,57.57244500422754,11643.36,236.22,1,a007c6,3
1153,1645641321,28.230606079101562,-81.26872136042668,51.80581349682848,57.57244500422754,11643.36,236.22,1,a007c6,3
1154,1645641322,28.230606079101562,-81.26872136042668,51.80581349682848,57.57244500422754,11643.36,236.22,0,a007c6,3
1155,1645641323,28.230606079101562,-81.26872136042668,51.80581349682848,57.57244500422754,11643.36,236.22,0,a007c6,3
1156,1645641324,28.230606079101562,-81.26872136042668,51.80581349682848,57.57244500422754,11643.36,236.22,0,a007c6,3
1157,1645641325,28.230606079101562,-81.26872136042668,51.80581349682848,57.57244500422754,11643.36,236.22,0,a007c6,3
1158,1645641326,28.230606079101562,-81.26872136042668,51.80581349682848,57.57244500422754,11643.36,236.22,1,a007c6,3
1159,1645641327,28.230606079101562,-81.26872136042668,51.80581349682848,57.57244500422754,11643.36,236.22,1,a007c6,3
1160,1645641328,28.230606079101562,-81.26872136042668,51.80581349682848,57.57244500422754,11643.36,236.22,0,a007c6,3
1161,1645641329,28.230606079101562,-81.26872136042668,51.80581349682848,57.57244500422754,11643.36,236.22,0,a007c6,3
1162,1645641330,28.230606079101562,-81.26872136042668,51.80581349682848,57.57244500422754,11643.36,236.22,0,a007c6,3
1163,1645641331,28.230606079101562,-81.26872136042668,51.80581349682848,57.57244500422754,11643.36,236.22,1,a007c6,3
1164,1645641332,28.230606079101562,-81.26872136042668,51.80581349682848,57.57244500422754,11643.36,236.22,0,a007c6,3
1165,1645641333,28.230606079101562,-81.26872136042668,51.80581349682848,57.57244500422754,11643.36,236.22,0,a007c6,3
1166,1645641334,28.230606079101562,-81.26872136042668,51.80581349682848,57.57244500422754,11643.36,236.22,0,a007c6,3
1167,1645641335,28.230606079101562,-81.26872136042668,51.80581349682848,57.57244500422754,11643.36,236.22,1,a007c6,3
1168,1645641336,28.230606079101562,-81.26872136042668,51.80581349682848,57.57244500422754,11643.36,236.22,0,a007c6,3
1169,1645641337,28.230606079101562,-81.26872136042668,51.80581349682848,57.57244500422754,11643.36,236.22,0,a007c6,3
1170,1645641338,28.230606079101562,-81.26872136042668,51.80581349682848,57.57244500422754,11643.36,236.22,1,a007c6,3
1171,1645641339,28.230606079101562,-81.26872136042668,51.80581349682848,57.57244500422754,11643.36,236.22,0,a007c6,3
1172,1645641340,28.230606079101562,-81.26872136042668,51.80581349682848,57.57244500422754,11643.36,236.22,0,a007c6,3
1173,1645641341,28.230606079101562,-81.26872136042668,51.80581349682848,57.57244500422754,11643.36,236.22,0,a007c6,3
1174,1645641342,28.230606079101562,-81.26872136042668,51.80581349682848,57.57244500422754,11643.36,236.22,0,a007c6,3
1175,1645641343,28.230606079101562,-81.26872136042668,51.80581349682848,57.57244500422754,11643.36,236.22,0,a007c6,3
1176,1645641344,28.230606079101562,-81.26872136042668,51.80581349682848,57.57244500422754,11643.36,236.22,0,a007c6,3
1177,1645641345,28.230606079101562,-81.26872136042668,51.80581349682848,57.57244500422754,11643.36,236.22,0,a007c6,3
1178,1645641346,28.230606079101562,-81.26872136042668,51.80581349682848,57.57244500422754,11643.36,236.22,0,a007c6,3
1179,1645641347,28.230606079101562,-81.26872136042668,51.80581349682848,57.57244500422754,11643.36,236.22,0,a007c6,3
1180,1645641348,28.230606079101562,-81.26872136042668,51.80581349682848,57.57244500422754,11643.36,236.22,0,a007c6,3
1181,1645641349,28.230606079101562,-81.26872136042668,51.80581349682848,57.57244500422754,11643.36,236.22,0,a007c6,3
1182,1645641350,28.230606079101562,-81.26872136042668,51.80581349682848,57.57244500422754,11643.36,236.22,0,a007c6,3
1183,1645641351,28.230606079101562,-81.26872136042668,51.80581349682848,57.57244500422754,11643.36,236.22,0,a007c6,3
1184,1645641352,28.230606079101562,-81.26872136042668,51.80581349682848,57.57244500422754,11643.36,236.22,0,a007c6,3
1185,1645641353,28.230606079101562,-81.26872136042668,51.80581349682848,57.57244500422754,11643.36,236.22,0,a007c6,3
1186,1645641354,28.230606079101562,-81.26872136042668,51.80581349682848,57.57244500422754,11643.36,236.22,0,a007c6,3
1187,1645641355,28.230606079101562,-81.26872136042668,51.80581349682848,57.57244500422754,11643.36,236.22,1,a007c6,3
1188,1645641356,28.230606079101562,-81.26872136042668,51.80581349682848,57.57244500422754,11643.36,236.22,0,a007c6,3
1189,1645641357,28.230606079101562,-81.26872136042668,51.80581349682848,57.57244500422754,11643.36,236.22,0,a007c6,3
1190,1645641358,28.230606079101562,-81.26872136042668,51.80581349682848,57.57244500422754,11643.36,236.22,0,a007c6,3
1191,1645641359,28.230606079101562,-81.26872136042668,51.80581349682848,57.57244500422754,11643.36,236.22,0,a007c6,3
1192,1645641360,28.230606079101562,-81.26872136042668,51.80581349682848,57.57244500422754,11643.36,236.22,1,a007c6,3
1193,1645641361,28.230606079101562,-81.26872136042668,51.80581349682848,57.57244500422754,11643.36,236.22,0,a007c6,3
1194,1645641362,28.230606079101562,-81.26872136042668,51.80581349682848,57.57244500422754,11643.36,236.22,1,a007c6,3
1195,1645641363,28.230606079101562,-81.26872136042668,51.80581349682848,57.57244500422754,11643.36,236.22,0,a007c6,3
1196,1645641364,28.230606079101562,-81.26872136042668,51.80581349682848,57.57244500422754,11643.36,236.22,0,a007c6,3
1197,1645641365,28.230606079101562,-81.26872136042668,51.80581349682848,57.57244500422754,11643.36,236.22,0,a007c6,3
1198,1645641366,28.230606079101562,-81.26872136042668,51.80581349682848,57.57244500422754,11643.36,236.22,0,a007c6,3
1199,1645641367,28.230606079101562,-81.26872136042668,51.80581349682848,57.57244500422754,11643.36,236.22,0,a007c6,3
1200,1645641368,28.230606079101562,-81.26872136042668,51.80581349682848,57.57244500422754,11643.36,236.22,1,a007c6,3
