,time,Latitude,Longitude,signature_label,icao24,trip_number
0,1645883116,28.2030029296875,-81.17296072152942,0,a007c6,4
1,1645883117,28.2030029296875,-81.17296072152942,0,a007c6,4
2,1645883118,28.20263671875,-81.17206280048077,0,a007c6,4
3,1645883119,28.202499389648438,-81.17169306828424,0,a007c6,4
4,1645883120,28.2022705078125,-81.17121769831732,0,a007c6,4
5,1645883121,28.202178955078125,-81.17100642277643,0,a007c6,4
6,1645883122,28.202178955078125,-81.17100642277643,0,a007c6,4
7,1645883123,28.202178955078125,-81.17100642277643,0,a007c6,4
8,1645883124,28.202178955078125,-81.17100642277643,0,a007c6,4
9,1645883125,28.202178955078125,-81.17100642277643,0,a007c6,4
10,1645883126,28.202178955078125,-81.17100642277643,0,a007c6,4
11,1645883127,28.202178955078125,-81.17100642277643,0,a007c6,4
12,1645883128,28.201217651367188,-81.16857675405646,0,a007c6,4
13,1645883129,28.201217651367188,-81.16857675405646,0,a007c6,4
14,1645883130,28.201217651367188,-81.16857675405646,0,a007c6,4
15,1645883131,28.201217651367188,-81.16857675405646,0,a007c6,4
16,1645883132,28.201217651367188,-81.16857675405646,0,a007c6,4
17,1645883133,28.201217651367188,-81.16857675405646,0,a007c6,4
18,1645883134,28.201217651367188,-81.16857675405646,0,a007c6,4
19,1645883135,28.201217651367188,-81.16857675405646,0,a007c6,4
20,1645883136,28.111732585071447,-81.14934492088211,1,a007c6,4
21,1645883137,28.201217651367188,-81.16857675405646,0,a007c6,4
22,1645883138,28.201217651367188,-81.16857675405646,0,a007c6,4
23,1645883139,28.201217651367188,-81.16857675405646,0,a007c6,4
24,1645883140,28.201217651367188,-81.16857675405646,0,a007c6,4
25,1645883141,28.201217651367188,-81.16857675405646,0,a007c6,4
26,1645883142,28.201217651367188,-81.16857675405646,0,a007c6,4
27,1645883143,28.201217651367188,-81.16857675405646,0,a007c6,4
28,1645883144,28.201217651367188,-81.16857675405646,0,a007c6,4
29,1645883145,28.201217651367188,-81.16857675405646,0,a007c6,4
30,1645883146,28.201217651367188,-81.16857675405646,0,a007c6,4
31,1645883147,28.201217651367188,-81.16857675405646,0,a007c6,4
32,1645883148,28.201217651367188,-81.16857675405646,0,a007c6,4
33,1645883149,28.201217651367188,-81.16857675405646,0,a007c6,4
34,1645883150,28.201217651367188,-81.16857675405646,0,a007c6,4
35,1645883151,28.201217651367188,-81.16857675405646,0,a007c6,4
36,1645883152,28.201217651367188,-81.16857675405646,0,a007c6,4
37,1645883153,28.201217651367188,-81.16857675405646,0,a007c6,4
38,1645883154,28.201217651367188,-81.16857675405646,0,a007c6,4
39,1645883155,28.201217651367188,-81.16857675405646,0,a007c6,4
40,1645883156,28.201217651367188,-81.16857675405646,0,a007c6,4
41,1645883157,28.201217651367188,-81.16857675405646,0,a007c6,4
42,1645883158,28.201217651367188,-81.16857675405646,0,a007c6,4
43,1645883159,28.201217651367188,-81.16857675405646,0,a007c6,4
44,1645883160,28.201217651367188,-81.16857675405646,0,a007c6,4
45,1645883161,28.201217651367188,-81.16857675405646,0,a007c6,4
46,1645883162,28.201217651367188,-81.16857675405646,0,a007c6,4
47,1645883163,28.201217651367188,-81.16857675405646,0,a007c6,4
48,1645883164,28.201217651367188,-81.16857675405646,0,a007c6,4
49,1645883165,28.201217651367188,-81.16857675405646,0,a007c6,4
50,1645883166,28.201217651367188,-81.16857675405646,0,a007c6,4
51,1645883167,28.201217651367188,-81.16857675405646,0,a007c6,4
52,1645883168,28.201217651367188,-81.16857675405646,0,a007c6,4
53,1645883169,28.201217651367188,-81.16857675405646,0,a007c6,4
54,1645883170,28.201217651367188,-81.16857675405646,0,a007c6,4
55,1645883171,28.201217651367188,-81.16857675405646,0,a007c6,4
56,1645883172,28.201217651367188,-81.16857675405646,0,a007c6,4
57,1645883173,28.201217651367188,-81.16857675405646,0,a007c6,4
58,1645883174,28.201217651367188,-81.16857675405646,0,a007c6,4
59,1645883175,28.201217651367188,-81.16857675405646,0,a007c6,4
60,1645883176,28.201217651367188,-81.16857675405646,0,a007c6,4
61,1645883177,28.201217651367188,-81.16857675405646,0,a007c6,4
62,1645883178,28.201217651367188,-81.16857675405646,0,a007c6,4
63,1645883179,28.201217651367188,-81.16857675405646,0,a007c6,4
64,1645883180,28.201217651367188,-81.16857675405646,0,a007c6,4
65,1645883181,28.201217651367188,-81.16857675405646,0,a007c6,4
66,1645883182,28.201217651367188,-81.16857675405646,0,a007c6,4
67,1645883183,28.201217651367188,-81.16857675405646,0,a007c6,4
68,1645883184,28.201217651367188,-81.16857675405646,0,a007c6,4
69,1645883185,28.201217651367188,-81.16857675405646,0,a007c6,4
70,1645883186,28.201217651367188,-81.16857675405646,0,a007c6,4
71,1645883187,28.201217651367188,-81.16857675405646,0,a007c6,4
72,1645883188,28.201217651367188,-81.16857675405646,0,a007c6,4
73,1645883189,28.191650390625,-81.14612872783955,0,a007c6,4
74,1645883190,28.191650390625,-81.14612872783955,0,a007c6,4
75,1645883191,28.191650390625,-81.14612872783955,0,a007c6,4
76,1645883192,28.191650390625,-81.14612872783955,0,a007c6,4
77,1645883193,28.191650390625,-81.14612872783955,0,a007c6,4
78,1645883194,28.191650390625,-81.14612872783955,0,a007c6,4
79,1645883195,28.191650390625,-81.14612872783955,0,a007c6,4
80,1645883196,28.191650390625,-81.14612872783955,0,a007c6,4
81,1645883197,28.191650390625,-81.14612872783955,0,a007c6,4
82,1645883198,28.191650390625,-81.14612872783955,0,a007c6,4
83,1645883199,28.191650390625,-81.14612872783955,0,a007c6,4
84,1645883200,28.191650390625,-81.14612872783955,0,a007c6,4
85,1645883201,28.191650390625,-81.14612872783955,0,a007c6,4
86,1645883202,28.191650390625,-81.14612872783955,0,a007c6,4
87,1645883203,28.191650390625,-81.14612872783955,0,a007c6,4
88,1645883204,28.191650390625,-81.14612872783955,0,a007c6,4
89,1645883205,28.191650390625,-81.14612872783955,0,a007c6,4
90,1645883206,28.191650390625,-81.14612872783955,0,a007c6,4
91,1645883207,28.191650390625,-81.14612872783955,0,a007c6,4
92,1645883208,28.191650390625,-81.14612872783955,0,a007c6,4
93,1645883209,28.191650390625,-81.14612872783955,0,a007c6,4
94,1645883210,28.191650390625,-81.14612872783955,0,a007c6,4
95,1645883211,28.191650390625,-81.14612872783955,0,a007c6,4
96,1645883212,28.191650390625,-81.14612872783955,0,a007c6,4
97,1645883213,28.191650390625,-81.14612872783955,0,a007c6,4
98,1645883214,28.191650390625,-81.14612872783955,0,a007c6,4
99,1645883215,28.191650390625,-81.14612872783955,0,a007c6,4
100,1645883216,28.191650390625,-81.14612872783955,0,a007c6,4
101,1645883217,28.191650390625,-81.14612872783955,0,a007c6,4
102,1645883218,28.191650390625,-81.14612872783955,0,a007c6,4
103,1645883219,28.191650390625,-81.14612872783955,0,a007c6,4
104,1645883220,28.191650390625,-81.14612872783955,0,a007c6,4
105,1645883221,28.191650390625,-81.14612872783955,0,a007c6,4
106,1645883222,28.191650390625,-81.14612872783955,0,a007c6,4
107,1645883223,28.191650390625,-81.14612872783955,0,a007c6,4
108,1645883224,28.191650390625,-81.14612872783955,0,a007c6,4
109,1645883225,28.191650390625,-81.14612872783955,0,a007c6,4
110,1645883226,28.191650390625,-81.14612872783955,0,a007c6,4
111,1645883227,28.191650390625,-81.14612872783955,0,a007c6,4
112,1645883228,28.191650390625,-81.14612872783955,0,a007c6,4
113,1645883229,28.191650390625,-81.14612872783955,0,a007c6,4
114,1645883230,28.191650390625,-81.14612872783955,0,a007c6,4
115,1645883231,28.191650390625,-81.14612872783955,0,a007c6,4
116,1645883232,28.191650390625,-81.14612872783955,0,a007c6,4
117,1645883233,28.191650390625,-81.14612872783955,0,a007c6,4
118,1645883234,28.191650390625,-81.14612872783955,0,a007c6,4
119,1645883235,28.191650390625,-81.14612872783955,0,a007c6,4
120,1645883236,28.191650390625,-81.14612872783955,0,a007c6,4
121,1645883237,28.191650390625,-81.14612872783955,0,a007c6,4
122,1645883238,28.191650390625,-81.14612872783955,0,a007c6,4
123,1645883239,28.191650390625,-81.14612872783955,0,a007c6,4
124,1645883240,28.191650390625,-81.14612872783955,0,a007c6,4
125,1645883241,28.191650390625,-81.14612872783955,0,a007c6,4
126,1645883242,28.191650390625,-81.14612872783955,0,a007c6,4
127,1645883243,28.191650390625,-81.14612872783955,0,a007c6,4
128,1645883244,28.191650390625,-81.14612872783955,0,a007c6,4
129,1645883245,28.191650390625,-81.14612872783955,0,a007c6,4
130,1645883246,28.191650390625,-81.14612872783955,0,a007c6,4
131,1645883247,28.191650390625,-81.14612872783955,0,a007c6,4
132,1645883248,28.191650390625,-81.14612872783955,0,a007c6,4
133,1645883249,28.191650390625,-81.14612872783955,0,a007c6,4
134,1645883250,28.354806352313847,-81.22493078528468,1,a007c6,4
135,1645883251,28.191650390625,-81.14612872783955,0,a007c6,4
136,1645883252,28.191650390625,-81.14612872783955,0,a007c6,4
137,1645883253,28.191650390625,-81.14612872783955,0,a007c6,4
138,1645883254,28.191650390625,-81.14612872783955,0,a007c6,4
139,1645883255,28.191650390625,-81.14612872783955,0,a007c6,4
140,1645883256,28.191650390625,-81.14612872783955,0,a007c6,4
141,1645883257,28.191650390625,-81.14612872783955,0,a007c6,4
142,1645883258,28.191650390625,-81.14612872783955,0,a007c6,4
143,1645883259,28.191650390625,-81.14612872783955,0,a007c6,4
144,1645883260,28.191650390625,-81.14612872783955,0,a007c6,4
145,1645883261,28.191650390625,-81.14612872783955,0,a007c6,4
146,1645883262,28.191650390625,-81.14612872783955,0,a007c6,4
147,1645883263,28.191650390625,-81.14612872783955,0,a007c6,4
148,1645883264,28.191650390625,-81.14612872783955,0,a007c6,4
149,1645883265,28.191650390625,-81.14612872783955,0,a007c6,4
150,1645883266,28.191650390625,-81.14612872783955,0,a007c6,4
151,1645883267,28.191650390625,-81.14612872783955,0,a007c6,4
152,1645883268,28.191650390625,-81.14612872783955,0,a007c6,4
153,1645883269,28.191650390625,-81.14612872783955,0,a007c6,4
154,1645883270,28.191650390625,-81.14612872783955,0,a007c6,4
155,1645883271,28.191650390625,-81.14612872783955,0,a007c6,4
156,1645883272,28.191650390625,-81.14612872783955,0,a007c6,4
157,1645883273,28.191650390625,-81.14612872783955,0,a007c6,4
158,1645883274,28.191650390625,-81.14612872783955,0,a007c6,4
159,1645883275,28.191650390625,-81.14612872783955,0,a007c6,4
160,1645883276,28.191650390625,-81.14612872783955,0,a007c6,4
161,1645883277,28.191650390625,-81.14612872783955,0,a007c6,4
162,1645883278,28.191650390625,-81.14612872783955,0,a007c6,4
163,1645883279,28.191650390625,-81.14612872783955,0,a007c6,4
164,1645883280,28.191650390625,-81.14612872783955,0,a007c6,4
165,1645883281,28.191650390625,-81.14612872783955,0,a007c6,4
166,1645883282,28.191650390625,-81.14612872783955,0,a007c6,4
167,1645883283,28.172483282574152,-81.10759061925552,0,a007c6,4
168,1645883284,28.172483282574152,-81.10759061925552,0,a007c6,4
169,1645883285,28.17205810546875,-81.10672583946814,0,a007c6,4
170,1645883286,28.17205810546875,-81.10672583946814,0,a007c6,4
171,1645883287,28.17205810546875,-81.10672583946814,0,a007c6,4
172,1645883288,28.17205810546875,-81.10672583946814,0,a007c6,4
173,1645883289,28.17205810546875,-81.10672583946814,0,a007c6,4
174,1645883290,28.17205810546875,-81.10672583946814,0,a007c6,4
175,1645883291,28.17205810546875,-81.10672583946814,0,a007c6,4
176,1645883292,28.17205810546875,-81.10672583946814,0,a007c6,4
177,1645883293,28.17205810546875,-81.10672583946814,0,a007c6,4
178,1645883294,28.17205810546875,-81.10672583946814,0,a007c6,4
179,1645883295,28.17205810546875,-81.10672583946814,0,a007c6,4
180,1645883296,28.17205810546875,-81.10672583946814,0,a007c6,4
181,1645883297,28.17205810546875,-81.10672583946814,0,a007c6,4
182,1645883298,28.17205810546875,-81.10672583946814,0,a007c6,4
183,1645883299,28.17205810546875,-81.10672583946814,0,a007c6,4
184,1645883300,28.17205810546875,-81.10672583946814,0,a007c6,4
185,1645883301,28.17205810546875,-81.10672583946814,0,a007c6,4
186,1645883302,28.17205810546875,-81.10672583946814,0,a007c6,4
187,1645883303,28.17205810546875,-81.10672583946814,0,a007c6,4
188,1645883304,28.17205810546875,-81.10672583946814,0,a007c6,4
189,1645883305,28.17205810546875,-81.10672583946814,0,a007c6,4
190,1645883306,28.17205810546875,-81.10672583946814,0,a007c6,4
191,1645883307,28.17205810546875,-81.10672583946814,0,a007c6,4
192,1645883308,28.17205810546875,-81.10672583946814,0,a007c6,4
193,1645883309,28.17205810546875,-81.10672583946814,0,a007c6,4
194,1645883310,28.17205810546875,-81.10672583946814,0,a007c6,4
195,1645883311,28.17205810546875,-81.10672583946814,0,a007c6,4
196,1645883312,28.166839599609375,-81.09521132249098,0,a007c6,4
197,1645883313,28.166839599609375,-81.09521132249098,0,a007c6,4
198,1645883314,28.166839599609375,-81.09521132249098,0,a007c6,4
199,1645883315,28.166839599609375,-81.09521132249098,0,a007c6,4
200,1645883316,28.166839599609375,-81.09521132249098,0,a007c6,4
201,1645883317,28.166839599609375,-81.09521132249098,0,a007c6,4
202,1645883318,28.165453894663663,-81.0922420726103,0,a007c6,4
203,1645883319,28.165453894663663,-81.0922420726103,0,a007c6,4
204,1645883320,28.165237426757812,-81.09172527606671,0,a007c6,4
205,1645883321,28.16484871557203,-81.09089570886948,0,a007c6,4
206,1645883322,28.164642333984375,-81.09051044170673,0,a007c6,4
207,1645883323,28.164596557617188,-81.09035198505109,0,a007c6,4
208,1645883324,28.164290088718218,-81.08965705422793,0,a007c6,4
209,1645883325,28.164290088718218,-81.08965705422793,0,a007c6,4
210,1645883326,28.164290088718218,-81.08965705422793,0,a007c6,4
211,1645883327,28.163681030273438,-81.08829204852765,0,a007c6,4
212,1645883328,28.163497924804688,-81.08786949744592,0,a007c6,4
213,1645883329,28.163497924804688,-81.08786949744592,0,a007c6,4
214,1645883330,28.163497924804688,-81.08786949744592,0,a007c6,4
215,1645883331,28.162893521583687,-81.08658734489893,0,a007c6,4
216,1645883332,28.162893521583687,-81.08658734489893,0,a007c6,4
217,1645883333,28.162893521583687,-81.08658734489893,0,a007c6,4
218,1645883334,28.162893521583687,-81.08658734489893,0,a007c6,4
219,1645883335,28.162893521583687,-81.08658734489893,0,a007c6,4
220,1645883336,28.162033081054688,-81.0845947265625,0,a007c6,4
221,1645883337,28.161849975585938,-81.08417217548077,0,a007c6,4
222,1645883338,28.161529541015625,-81.08343271108771,0,a007c6,4
223,1645883339,28.161357297735698,-81.0830867991728,0,a007c6,4
224,1645883340,28.1612548828125,-81.08285170335034,0,a007c6,4
225,1645883341,28.160980224609375,-81.08221787672773,0,a007c6,4
226,1645883342,28.160751342773438,-81.08168968787561,0,a007c6,4
227,1645883343,28.160568237304688,-81.08126713679388,0,a007c6,4
228,1645883344,28.16033935546875,-81.0807917668269,0,a007c6,4
229,1645883345,28.16015625,-81.08036921574518,0,a007c6,4
230,1645883346,28.1600538350768,-81.08017865349268,0,a007c6,4
231,1645883347,28.15982107388771,-81.07958625344668,0,a007c6,4
232,1645883348,28.159727969412074,-81.0794246897978,0,a007c6,4
233,1645883349,28.159727969412074,-81.0794246897978,0,a007c6,4
234,1645883350,28.159149169921875,-81.07809800368085,0,a007c6,4
235,1645883351,28.15898313360699,-81.07770134420957,0,a007c6,4
236,1645883352,28.158890029131356,-81.07753978056064,0,a007c6,4
237,1645883353,28.158610715704448,-81.07689352596509,0,a007c6,4
238,1645883354,28.158610715704448,-81.07689352596509,0,a007c6,4
239,1645883355,28.158610715704448,-81.07689352596509,0,a007c6,4
240,1645883356,28.158610715704448,-81.07689352596509,0,a007c6,4
241,1645883357,28.158610715704448,-81.07689352596509,0,a007c6,4
242,1645883358,28.158610715704448,-81.07689352596509,0,a007c6,4
243,1645883359,28.158610715704448,-81.07689352596509,0,a007c6,4
244,1645883360,28.157180786132812,-81.07371403620795,0,a007c6,4
245,1645883361,28.15704345703125,-81.07344994178186,0,a007c6,4
246,1645883362,28.15704345703125,-81.07344994178186,0,a007c6,4
247,1645883363,28.156515865002646,-81.07226203469668,0,a007c6,4
248,1645883364,28.156329656051376,-81.07183119829966,0,a007c6,4
249,1645883365,28.15623655157574,-81.07166963465073,0,a007c6,4
250,1645883366,28.15623655157574,-81.07166963465073,0,a007c6,4
251,1645883367,28.155771029197563,-81.07059254365811,0,a007c6,4
252,1645883368,28.155538268008474,-81.07016170726104,0,a007c6,4
253,1645883369,28.155538268008474,-81.07016170726104,0,a007c6,4
254,1645883370,28.15516585010593,-81.06924617991729,0,a007c6,4
255,1645883371,28.154937744140625,-81.06874906099756,0,a007c6,4
256,1645883372,28.154937744140625,-81.06874906099756,0,a007c6,4
257,1645883373,28.154937744140625,-81.06874906099756,0,a007c6,4
258,1645883374,28.154937744140625,-81.06874906099756,0,a007c6,4
259,1645883375,28.154937744140625,-81.06874906099756,0,a007c6,4
260,1645883376,28.154022216796875,-81.06674194335938,0,a007c6,4
261,1645883377,28.154022216796875,-81.06674194335938,0,a007c6,4
262,1645883378,28.154022216796875,-81.06674194335938,0,a007c6,4
263,1645883379,28.15338134765625,-81.0653158334585,0,a007c6,4
264,1645883380,28.15338134765625,-81.0653158334585,0,a007c6,4
265,1645883381,28.15338134765625,-81.0653158334585,0,a007c6,4
266,1645883382,28.15338134765625,-81.0653158334585,0,a007c6,4
267,1645883383,28.15338134765625,-81.0653158334585,0,a007c6,4
268,1645883384,28.15338134765625,-81.0653158334585,0,a007c6,4
269,1645883385,28.15338134765625,-81.0653158334585,0,a007c6,4
270,1645883386,28.15338134765625,-81.0653158334585,0,a007c6,4
271,1645883387,28.15338134765625,-81.0653158334585,0,a007c6,4
272,1645883388,28.15338134765625,-81.0653158334585,0,a007c6,4
273,1645883389,28.15338134765625,-81.0653158334585,0,a007c6,4
274,1645883390,28.15338134765625,-81.0653158334585,0,a007c6,4
275,1645883391,28.15338134765625,-81.0653158334585,0,a007c6,4
276,1645883392,28.15338134765625,-81.0653158334585,0,a007c6,4
277,1645883393,28.15338134765625,-81.0653158334585,0,a007c6,4
278,1645883394,28.150603730799787,-81.05858297909008,0,a007c6,4
279,1645883395,28.150603730799787,-81.05858297909008,0,a007c6,4
280,1645883396,28.1502685546875,-81.05770991398737,0,a007c6,4
281,1645883397,28.150177001953125,-81.05744581956128,0,a007c6,4
282,1645883398,28.150177001953125,-81.05744581956128,0,a007c6,4
283,1645883399,28.149765014648438,-81.05628380408655,0,a007c6,4
284,1645883400,28.149581909179688,-81.05580843411957,0,a007c6,4
285,1645883401,28.149581909179688,-81.05580843411957,0,a007c6,4
286,1645883402,28.149581909179688,-81.05580843411957,0,a007c6,4
287,1645883403,28.149581909179688,-81.05580843411957,0,a007c6,4
288,1645883404,28.149581909179688,-81.05580843411957,0,a007c6,4
289,1645883405,28.149581909179688,-81.05580843411957,0,a007c6,4
290,1645883406,28.149581909179688,-81.05580843411957,0,a007c6,4
291,1645883407,28.149581909179688,-81.05580843411957,0,a007c6,4
292,1645883408,28.149581909179688,-81.05580843411957,0,a007c6,4
293,1645883409,28.149581909179688,-81.05580843411957,0,a007c6,4
294,1645883410,28.149581909179688,-81.05580843411957,0,a007c6,4
295,1645883411,28.149581909179688,-81.05580843411957,0,a007c6,4
296,1645883412,28.149581909179688,-81.05580843411957,0,a007c6,4
297,1645883413,28.149581909179688,-81.05580843411957,0,a007c6,4
298,1645883414,28.149581909179688,-81.05580843411957,0,a007c6,4
299,1645883415,28.149581909179688,-81.05580843411957,0,a007c6,4
300,1645883416,28.149581909179688,-81.05580843411957,0,a007c6,4
301,1645883417,28.149581909179688,-81.05580843411957,0,a007c6,4
302,1645883418,28.149581909179688,-81.05580843411957,0,a007c6,4
303,1645883419,28.149581909179688,-81.05580843411957,0,a007c6,4
304,1645883420,28.149581909179688,-81.05580843411957,0,a007c6,4
305,1645883421,28.149581909179688,-81.05580843411957,0,a007c6,4
306,1645883422,28.149581909179688,-81.05580843411957,0,a007c6,4
307,1645883423,28.149581909179688,-81.05580843411957,0,a007c6,4
308,1645883424,28.149581909179688,-81.05580843411957,0,a007c6,4
309,1645883425,28.149581909179688,-81.05580843411957,0,a007c6,4
310,1645883426,28.149581909179688,-81.05580843411957,0,a007c6,4
311,1645883427,28.149581909179688,-81.05580843411957,0,a007c6,4
312,1645883428,28.149581909179688,-81.05580843411957,0,a007c6,4
313,1645883429,28.149581909179688,-81.05580843411957,0,a007c6,4
314,1645883430,28.149581909179688,-81.05580843411957,0,a007c6,4
315,1645883431,28.149581909179688,-81.05580843411957,0,a007c6,4
316,1645883432,28.149581909179688,-81.05580843411957,0,a007c6,4
317,1645883433,28.149581909179688,-81.05580843411957,0,a007c6,4
318,1645883434,28.149581909179688,-81.05580843411957,0,a007c6,4
319,1645883435,28.149581909179688,-81.05580843411957,0,a007c6,4
320,1645883436,28.149581909179688,-81.05580843411957,0,a007c6,4
321,1645883437,28.149581909179688,-81.05580843411957,0,a007c6,4
322,1645883438,28.149581909179688,-81.05580843411957,0,a007c6,4
323,1645883439,28.149581909179688,-81.05580843411957,0,a007c6,4
324,1645883440,28.14292261155985,-81.03774126838235,0,a007c6,4
325,1645883441,28.142782954846396,-81.03731043198529,0,a007c6,4
326,1645883442,28.142782954846396,-81.03731043198529,0,a007c6,4
327,1645883443,28.14250364141949,-81.03655646829044,0,a007c6,4
328,1645883444,28.142257690429688,-81.03600135216345,0,a007c6,4
329,1645883445,28.142074584960938,-81.03552598219648,0,a007c6,4
330,1645883446,28.142074584960938,-81.03552598219648,0,a007c6,4
331,1645883447,28.142074584960938,-81.03552598219648,0,a007c6,4
332,1645883448,28.142074584960938,-81.03552598219648,0,a007c6,4
333,1645883449,28.142074584960938,-81.03552598219648,0,a007c6,4
334,1645883450,28.142074584960938,-81.03552598219648,0,a007c6,4
335,1645883451,28.142074584960938,-81.03552598219648,0,a007c6,4
336,1645883452,28.142074584960938,-81.03552598219648,0,a007c6,4
337,1645883453,28.142074584960938,-81.03552598219648,0,a007c6,4
338,1645883454,28.142074584960938,-81.03552598219648,0,a007c6,4
339,1645883455,28.142074584960938,-81.03552598219648,0,a007c6,4
340,1645883456,28.142074584960938,-81.03552598219648,0,a007c6,4
341,1645883457,28.142074584960938,-81.03552598219648,0,a007c6,4
342,1645883458,28.142074584960938,-81.03552598219648,0,a007c6,4
343,1645883459,28.142074584960938,-81.03552598219648,0,a007c6,4
344,1645883460,28.142074584960938,-81.03552598219648,0,a007c6,4
345,1645883461,28.142074584960938,-81.03552598219648,0,a007c6,4
346,1645883462,28.142074584960938,-81.03552598219648,0,a007c6,4
347,1645883463,28.142074584960938,-81.03552598219648,0,a007c6,4
348,1645883464,28.142074584960938,-81.03552598219648,0,a007c6,4
349,1645883465,28.142074584960938,-81.03552598219648,0,a007c6,4
350,1645883466,28.142074584960938,-81.03552598219648,0,a007c6,4
351,1645883467,28.142074584960938,-81.03552598219648,0,a007c6,4
352,1645883468,28.142074584960938,-81.03552598219648,0,a007c6,4
353,1645883469,28.142074584960938,-81.03552598219648,0,a007c6,4
354,1645883470,28.142074584960938,-81.03552598219648,0,a007c6,4
355,1645883471,28.142074584960938,-81.03552598219648,0,a007c6,4
356,1645883472,28.142074584960938,-81.03552598219648,0,a007c6,4
357,1645883473,28.142074584960938,-81.03552598219648,0,a007c6,4
358,1645883474,28.142074584960938,-81.03552598219648,0,a007c6,4
359,1645883475,28.142074584960938,-81.03552598219648,0,a007c6,4
360,1645883476,28.142074584960938,-81.03552598219648,0,a007c6,4
361,1645883477,28.142074584960938,-81.03552598219648,0,a007c6,4
362,1645883478,28.142074584960938,-81.03552598219648,0,a007c6,4
363,1645883479,28.142074584960938,-81.03552598219648,0,a007c6,4
364,1645883480,28.142074584960938,-81.03552598219648,0,a007c6,4
365,1645883481,28.142074584960938,-81.03552598219648,0,a007c6,4
366,1645883482,28.142074584960938,-81.03552598219648,0,a007c6,4
367,1645883483,28.142074584960938,-81.03552598219648,0,a007c6,4
368,1645883484,28.142074584960938,-81.03552598219648,0,a007c6,4
369,1645883485,28.142074584960938,-81.03552598219648,0,a007c6,4
370,1645883486,28.142074584960938,-81.03552598219648,0,a007c6,4
371,1645883487,28.142074584960938,-81.03552598219648,0,a007c6,4
372,1645883488,28.142074584960938,-81.03552598219648,0,a007c6,4
373,1645883489,28.142074584960938,-81.03552598219648,0,a007c6,4
374,1645883490,28.142074584960938,-81.03552598219648,0,a007c6,4
375,1645883491,28.142074584960938,-81.03552598219648,0,a007c6,4
376,1645883492,28.142074584960938,-81.03552598219648,0,a007c6,4
377,1645883493,27.98986538924067,-81.1887344361186,1,a007c6,4
378,1645883494,28.142074584960938,-81.03552598219648,0,a007c6,4
379,1645883495,28.142074584960938,-81.03552598219648,0,a007c6,4
380,1645883496,28.142074584960938,-81.03552598219648,0,a007c6,4
381,1645883497,28.142074584960938,-81.03552598219648,0,a007c6,4
382,1645883498,28.142074584960938,-81.03552598219648,0,a007c6,4
383,1645883499,28.142074584960938,-81.03552598219648,0,a007c6,4
384,1645883500,28.142074584960938,-81.03552598219648,0,a007c6,4
385,1645883501,28.021765713305538,-81.04406398727262,1,a007c6,4
386,1645883502,28.142074584960938,-81.03552598219648,0,a007c6,4
387,1645883503,28.142074584960938,-81.03552598219648,0,a007c6,4
388,1645883504,28.142074584960938,-81.03552598219648,0,a007c6,4
389,1645883505,28.142074584960938,-81.03552598219648,0,a007c6,4
390,1645883506,28.142074584960938,-81.03552598219648,0,a007c6,4
391,1645883507,28.142074584960938,-81.03552598219648,0,a007c6,4
392,1645883508,28.142074584960938,-81.03552598219648,0,a007c6,4
393,1645883509,28.142074584960938,-81.03552598219648,0,a007c6,4
394,1645883510,28.142074584960938,-81.03552598219648,0,a007c6,4
395,1645883511,28.142074584960938,-81.03552598219648,0,a007c6,4
396,1645883512,28.142074584960938,-81.03552598219648,0,a007c6,4
397,1645883513,28.142074584960938,-81.03552598219648,0,a007c6,4
398,1645883514,28.142074584960938,-81.03552598219648,0,a007c6,4
399,1645883515,28.142074584960938,-81.03552598219648,0,a007c6,4
400,1645883516,28.142074584960938,-81.03552598219648,0,a007c6,4
401,1645883517,28.142074584960938,-81.03552598219648,0,a007c6,4
402,1645883518,28.142074584960938,-81.03552598219648,0,a007c6,4
403,1645883519,28.142074584960938,-81.03552598219648,0,a007c6,4
404,1645883520,28.142074584960938,-81.03552598219648,0,a007c6,4
405,1645883521,28.142074584960938,-81.03552598219648,0,a007c6,4
406,1645883522,28.142074584960938,-81.03552598219648,0,a007c6,4
407,1645883523,28.142074584960938,-81.03552598219648,0,a007c6,4
408,1645883524,28.142074584960938,-81.03552598219648,0,a007c6,4
409,1645883525,28.142074584960938,-81.03552598219648,0,a007c6,4
410,1645883526,28.142074584960938,-81.03552598219648,0,a007c6,4
411,1645883527,28.142074584960938,-81.03552598219648,0,a007c6,4
412,1645883528,28.142074584960938,-81.03552598219648,0,a007c6,4
413,1645883529,28.142074584960938,-81.03552598219648,0,a007c6,4
414,1645883530,28.142074584960938,-81.03552598219648,0,a007c6,4
415,1645883531,28.142074584960938,-81.03552598219648,0,a007c6,4
416,1645883532,28.142074584960938,-81.03552598219648,0,a007c6,4
417,1645883533,28.142074584960938,-81.03552598219648,0,a007c6,4
418,1645883534,28.142074584960938,-81.03552598219648,0,a007c6,4
419,1645883535,28.142074584960938,-81.03552598219648,0,a007c6,4
420,1645883536,28.142074584960938,-81.03552598219648,0,a007c6,4
421,1645883537,28.142074584960938,-81.03552598219648,0,a007c6,4
422,1645883538,28.142074584960938,-81.03552598219648,0,a007c6,4
423,1645883539,28.142074584960938,-81.03552598219648,0,a007c6,4
424,1645883540,28.142074584960938,-81.03552598219648,0,a007c6,4
425,1645883541,28.142074584960938,-81.03552598219648,0,a007c6,4
426,1645883542,28.142074584960938,-81.03552598219648,0,a007c6,4
427,1645883543,28.142074584960938,-81.03552598219648,0,a007c6,4
428,1645883544,28.142074584960938,-81.03552598219648,0,a007c6,4
429,1645883545,28.142074584960938,-81.03552598219648,0,a007c6,4
430,1645883546,28.142074584960938,-81.03552598219648,0,a007c6,4
431,1645883547,28.142074584960938,-81.03552598219648,0,a007c6,4
432,1645883548,28.142074584960938,-81.03552598219648,0,a007c6,4
433,1645883549,28.142074584960938,-81.03552598219648,0,a007c6,4
434,1645883550,28.142074584960938,-81.03552598219648,0,a007c6,4
435,1645883551,28.142074584960938,-81.03552598219648,0,a007c6,4
436,1645883552,28.142074584960938,-81.03552598219648,0,a007c6,4
437,1645883553,28.142074584960938,-81.03552598219648,0,a007c6,4
438,1645883554,28.142074584960938,-81.03552598219648,0,a007c6,4
439,1645883555,28.142074584960938,-81.03552598219648,0,a007c6,4
440,1645883556,28.142074584960938,-81.03552598219648,0,a007c6,4
441,1645883557,28.142074584960938,-81.03552598219648,0,a007c6,4
442,1645883558,28.142074584960938,-81.03552598219648,0,a007c6,4
443,1645883559,28.142074584960938,-81.03552598219648,0,a007c6,4
444,1645883560,28.142074584960938,-81.03552598219648,0,a007c6,4
445,1645883561,28.142074584960938,-81.03552598219648,0,a007c6,4
446,1645883562,28.142074584960938,-81.03552598219648,0,a007c6,4
447,1645883563,28.142074584960938,-81.03552598219648,0,a007c6,4
448,1645883564,28.142074584960938,-81.03552598219648,0,a007c6,4
449,1645883565,28.142074584960938,-81.03552598219648,0,a007c6,4
450,1645883566,28.142074584960938,-81.03552598219648,0,a007c6,4
451,1645883567,28.142074584960938,-81.03552598219648,0,a007c6,4
452,1645883568,28.142074584960938,-81.03552598219648,0,a007c6,4
453,1645883569,28.142074584960938,-81.03552598219648,0,a007c6,4
454,1645883570,28.142074584960938,-81.03552598219648,0,a007c6,4
455,1645883571,28.24376742158425,-81.10880441945983,1,a007c6,4
456,1645883572,28.142074584960938,-81.03552598219648,0,a007c6,4
457,1645883573,28.142074584960938,-81.03552598219648,0,a007c6,4
458,1645883574,28.142074584960938,-81.03552598219648,0,a007c6,4
459,1645883575,28.142074584960938,-81.03552598219648,0,a007c6,4
460,1645883576,28.142074584960938,-81.03552598219648,0,a007c6,4
461,1645883577,28.142074584960938,-81.03552598219648,0,a007c6,4
462,1645883578,28.142074584960938,-81.03552598219648,0,a007c6,4
463,1645883579,28.142074584960938,-81.03552598219648,0,a007c6,4
464,1645883580,28.142074584960938,-81.03552598219648,0,a007c6,4
465,1645883581,28.142074584960938,-81.03552598219648,0,a007c6,4
466,1645883582,28.142074584960938,-81.03552598219648,0,a007c6,4
467,1645883583,28.142074584960938,-81.03552598219648,0,a007c6,4
468,1645883584,28.142074584960938,-81.03552598219648,0,a007c6,4
469,1645883585,28.142074584960938,-81.03552598219648,0,a007c6,4
470,1645883586,28.142074584960938,-81.03552598219648,0,a007c6,4
471,1645883587,28.142074584960938,-81.03552598219648,0,a007c6,4
472,1645883588,28.142074584960938,-81.03552598219648,0,a007c6,4
473,1645883589,28.142074584960938,-81.03552598219648,0,a007c6,4
474,1645883590,28.142074584960938,-81.03552598219648,0,a007c6,4
475,1645883591,28.142074584960938,-81.03552598219648,0,a007c6,4
476,1645883592,28.142074584960938,-81.03552598219648,0,a007c6,4
477,1645883593,28.142074584960938,-81.03552598219648,0,a007c6,4
478,1645883594,28.142074584960938,-81.03552598219648,0,a007c6,4
479,1645883595,28.142074584960938,-81.03552598219648,0,a007c6,4
480,1645883596,28.142074584960938,-81.03552598219648,0,a007c6,4
481,1645883597,28.142074584960938,-81.03552598219648,0,a007c6,4
482,1645883598,28.142074584960938,-81.03552598219648,0,a007c6,4
483,1645883599,28.142074584960938,-81.03552598219648,0,a007c6,4
484,1645883600,28.142074584960938,-81.03552598219648,0,a007c6,4
485,1645883601,28.142074584960938,-81.03552598219648,0,a007c6,4
486,1645883602,28.142074584960938,-81.03552598219648,0,a007c6,4
487,1645883603,28.142074584960938,-81.03552598219648,0,a007c6,4
488,1645883604,28.142074584960938,-81.03552598219648,0,a007c6,4
489,1645883605,28.142074584960938,-81.03552598219648,0,a007c6,4
490,1645883606,28.142074584960938,-81.03552598219648,0,a007c6,4
491,1645883607,28.142074584960938,-81.03552598219648,0,a007c6,4
492,1645883608,28.142074584960938,-81.03552598219648,0,a007c6,4
493,1645883609,28.142074584960938,-81.03552598219648,0,a007c6,4
494,1645883610,28.142074584960938,-81.03552598219648,0,a007c6,4
495,1645883611,28.142074584960938,-81.03552598219648,0,a007c6,4
496,1645883612,28.142074584960938,-81.03552598219648,0,a007c6,4
497,1645883613,28.142074584960938,-81.03552598219648,0,a007c6,4
498,1645883614,28.142074584960938,-81.03552598219648,0,a007c6,4
499,1645883615,28.142074584960938,-81.03552598219648,0,a007c6,4
500,1645883616,28.142074584960938,-81.03552598219648,0,a007c6,4
501,1645883617,28.142074584960938,-81.03552598219648,0,a007c6,4
502,1645883618,28.142074584960938,-81.03552598219648,0,a007c6,4
503,1645883619,28.142074584960938,-81.03552598219648,0,a007c6,4
504,1645883620,28.142074584960938,-81.03552598219648,0,a007c6,4
505,1645883621,28.142074584960938,-81.03552598219648,0,a007c6,4
506,1645883622,28.142074584960938,-81.03552598219648,0,a007c6,4
507,1645883623,28.142074584960938,-81.03552598219648,0,a007c6,4
508,1645883624,28.142074584960938,-81.03552598219648,0,a007c6,4
509,1645883625,28.142074584960938,-81.03552598219648,0,a007c6,4
510,1645883626,28.142074584960938,-81.03552598219648,0,a007c6,4
511,1645883627,28.142074584960938,-81.03552598219648,0,a007c6,4
512,1645883628,28.142074584960938,-81.03552598219648,0,a007c6,4
513,1645883629,28.142074584960938,-81.03552598219648,0,a007c6,4
514,1645883630,28.142074584960938,-81.03552598219648,0,a007c6,4
515,1645883631,28.142074584960938,-81.03552598219648,0,a007c6,4
516,1645883632,28.142074584960938,-81.03552598219648,0,a007c6,4
517,1645883633,28.142074584960938,-81.03552598219648,0,a007c6,4
518,1645883634,28.142074584960938,-81.03552598219648,0,a007c6,4
519,1645883635,28.142074584960938,-81.03552598219648,0,a007c6,4
520,1645883636,28.142074584960938,-81.03552598219648,0,a007c6,4
521,1645883637,28.142074584960938,-81.03552598219648,0,a007c6,4
522,1645883638,28.142074584960938,-81.03552598219648,0,a007c6,4
523,1645883639,28.142074584960938,-81.03552598219648,0,a007c6,4
524,1645883640,28.142074584960938,-81.03552598219648,0,a007c6,4
525,1645883641,28.142074584960938,-81.03552598219648,0,a007c6,4
526,1645883642,28.142074584960938,-81.03552598219648,0,a007c6,4
527,1645883643,28.142074584960938,-81.03552598219648,0,a007c6,4
528,1645883644,28.142074584960938,-81.03552598219648,0,a007c6,4
529,1645883645,28.142074584960938,-81.03552598219648,0,a007c6,4
530,1645883646,28.142074584960938,-81.03552598219648,0,a007c6,4
531,1645883647,28.142074584960938,-81.03552598219648,0,a007c6,4
532,1645883648,28.142074584960938,-81.03552598219648,0,a007c6,4
533,1645883649,28.142074584960938,-81.03552598219648,0,a007c6,4
534,1645883650,28.142074584960938,-81.03552598219648,0,a007c6,4
535,1645883651,28.142074584960938,-81.03552598219648,0,a007c6,4
536,1645883652,28.142074584960938,-81.03552598219648,0,a007c6,4
537,1645883653,28.142074584960938,-81.03552598219648,0,a007c6,4
538,1645883654,28.142074584960938,-81.03552598219648,0,a007c6,4
539,1645883655,28.142074584960938,-81.03552598219648,0,a007c6,4
540,1645883656,28.142074584960938,-81.03552598219648,0,a007c6,4
541,1645883657,28.142074584960938,-81.03552598219648,0,a007c6,4
542,1645883658,28.142074584960938,-81.03552598219648,0,a007c6,4
543,1645883659,28.142074584960938,-81.03552598219648,0,a007c6,4
544,1645883660,28.142074584960938,-81.03552598219648,0,a007c6,4
545,1645883661,28.142074584960938,-81.03552598219648,0,a007c6,4
546,1645883662,28.142074584960938,-81.03552598219648,0,a007c6,4
547,1645883663,28.142074584960938,-81.03552598219648,0,a007c6,4
548,1645883664,28.142074584960938,-81.03552598219648,0,a007c6,4
549,1645883665,28.142074584960938,-81.03552598219648,0,a007c6,4
550,1645883666,28.142074584960938,-81.03552598219648,0,a007c6,4
551,1645883667,28.142074584960938,-81.03552598219648,0,a007c6,4
552,1645883668,28.142074584960938,-81.03552598219648,0,a007c6,4
553,1645883669,28.142074584960938,-81.03552598219648,0,a007c6,4
554,1645883670,28.142074584960938,-81.03552598219648,0,a007c6,4
555,1645883671,28.142074584960938,-81.03552598219648,0,a007c6,4
556,1645883672,28.142074584960938,-81.03552598219648,0,a007c6,4
557,1645883673,28.142074584960938,-81.03552598219648,0,a007c6,4
558,1645883674,28.142074584960938,-81.03552598219648,0,a007c6,4
559,1645883675,28.142074584960938,-81.03552598219648,0,a007c6,4
560,1645883676,28.142074584960938,-81.03552598219648,0,a007c6,4
561,1645883677,28.142074584960938,-81.03552598219648,0,a007c6,4
562,1645883678,28.142074584960938,-81.03552598219648,0,a007c6,4
563,1645883679,28.142074584960938,-81.03552598219648,0,a007c6,4
564,1645883680,28.142074584960938,-81.03552598219648,0,a007c6,4
565,1645883681,28.142074584960938,-81.03552598219648,0,a007c6,4
566,1645883682,28.142074584960938,-81.03552598219648,0,a007c6,4
567,1645883683,28.142074584960938,-81.03552598219648,0,a007c6,4
568,1645883684,28.142074584960938,-81.03552598219648,0,a007c6,4
569,1645883685,28.142074584960938,-81.03552598219648,0,a007c6,4
570,1645883686,28.142074584960938,-81.03552598219648,0,a007c6,4
571,1645883687,28.142074584960938,-81.03552598219648,0,a007c6,4
572,1645883688,28.142074584960938,-81.03552598219648,0,a007c6,4
573,1645883689,28.142074584960938,-81.03552598219648,0,a007c6,4
574,1645883690,28.142074584960938,-81.03552598219648,0,a007c6,4
575,1645883691,28.142074584960938,-81.03552598219648,0,a007c6,4
576,1645883692,28.142074584960938,-81.03552598219648,0,a007c6,4
577,1645883693,28.142074584960938,-81.03552598219648,0,a007c6,4
578,1645883694,28.142074584960938,-81.03552598219648,0,a007c6,4
579,1645883695,28.142074584960938,-81.03552598219648,0,a007c6,4
580,1645883696,28.142074584960938,-81.03552598219648,0,a007c6,4
581,1645883697,28.142074584960938,-81.03552598219648,0,a007c6,4
582,1645883698,28.142074584960938,-81.03552598219648,0,a007c6,4
583,1645883699,28.142074584960938,-81.03552598219648,0,a007c6,4
584,1645883700,28.142074584960938,-81.03552598219648,0,a007c6,4
585,1645883701,28.142074584960938,-81.03552598219648,0,a007c6,4
586,1645883702,28.142074584960938,-81.03552598219648,0,a007c6,4
587,1645883703,28.142074584960938,-81.03552598219648,0,a007c6,4
588,1645883704,28.142074584960938,-81.03552598219648,0,a007c6,4
589,1645883705,28.142074584960938,-81.03552598219648,0,a007c6,4
590,1645883706,28.142074584960938,-81.03552598219648,0,a007c6,4
591,1645883707,28.142074584960938,-81.03552598219648,0,a007c6,4
592,1645883708,28.142074584960938,-81.03552598219648,0,a007c6,4
593,1645883709,28.142074584960938,-81.03552598219648,0,a007c6,4
594,1645883710,28.142074584960938,-81.03552598219648,0,a007c6,4
595,1645883711,28.142074584960938,-81.03552598219648,0,a007c6,4
596,1645883712,28.142074584960938,-81.03552598219648,0,a007c6,4
597,1645883713,28.142074584960938,-81.03552598219648,0,a007c6,4
598,1645883714,28.142074584960938,-81.03552598219648,0,a007c6,4
599,1645883715,28.142074584960938,-81.03552598219648,0,a007c6,4
600,1645883716,28.142074584960938,-81.03552598219648,0,a007c6,4
601,1645883717,28.142074584960938,-81.03552598219648,0,a007c6,4
602,1645883718,28.142074584960938,-81.03552598219648,0,a007c6,4
603,1645883719,28.142074584960938,-81.03552598219648,0,a007c6,4
604,1645883720,28.142074584960938,-81.03552598219648,0,a007c6,4
605,1645883721,28.142074584960938,-81.03552598219648,0,a007c6,4
606,1645883722,28.142074584960938,-81.03552598219648,0,a007c6,4
607,1645883723,28.142074584960938,-81.03552598219648,0,a007c6,4
608,1645883724,28.142074584960938,-81.03552598219648,0,a007c6,4
609,1645883725,28.142074584960938,-81.03552598219648,0,a007c6,4
610,1645883726,28.142074584960938,-81.03552598219648,0,a007c6,4
611,1645883727,28.142074584960938,-81.03552598219648,0,a007c6,4
612,1645883728,28.142074584960938,-81.03552598219648,0,a007c6,4
613,1645883729,28.142074584960938,-81.03552598219648,0,a007c6,4
614,1645883730,28.142074584960938,-81.03552598219648,0,a007c6,4
615,1645883731,28.142074584960938,-81.03552598219648,0,a007c6,4
616,1645883732,28.142074584960938,-81.03552598219648,0,a007c6,4
617,1645883733,28.142074584960938,-81.03552598219648,0,a007c6,4
618,1645883734,28.142074584960938,-81.03552598219648,0,a007c6,4
619,1645883735,28.142074584960938,-81.03552598219648,0,a007c6,4
620,1645883736,28.142074584960938,-81.03552598219648,0,a007c6,4
621,1645883737,28.142074584960938,-81.03552598219648,0,a007c6,4
622,1645883738,28.142074584960938,-81.03552598219648,0,a007c6,4
623,1645883739,28.142074584960938,-81.03552598219648,0,a007c6,4
624,1645883740,28.142074584960938,-81.03552598219648,0,a007c6,4
625,1645883741,28.142074584960938,-81.03552598219648,0,a007c6,4
626,1645883742,28.142074584960938,-81.03552598219648,0,a007c6,4
627,1645883743,28.142074584960938,-81.03552598219648,0,a007c6,4
628,1645883744,28.142074584960938,-81.03552598219648,0,a007c6,4
629,1645883745,28.142074584960938,-81.03552598219648,0,a007c6,4
630,1645883746,28.142074584960938,-81.03552598219648,0,a007c6,4
631,1645883747,28.142074584960938,-81.03552598219648,0,a007c6,4
